gender,firstname
m,barjraj
m,ramdin
m,sharat
m,birender
m,amit
m,kushal
m,kasid
m,shiv
m,vikram
m,sanjay
m,abhi
m,ram
m,khadak
m,gurmit
m,chanderpal
m,aman
m,khursid
m,rajeev
m,durgesh
m,nahar
m,sunder
m,maansingh
m,rohit
m,sparsh
m,santosh
m,punit
m,dinesh
m,gulshan
m,arvind
m,nausad
m,moti
m,kausal
m,mohabbat
m,raj
m,jaswant
m,sevak
m,chotelal
m,rupesh
m,midda
m,dharam
m,manoj
m,preetam
m,sarain
m,pankaj
m,sheak
m,riyasat
m,vinit
m,sumit
m,arindra
m,kali
m,badshya
m,vikash
m,devinder
m,mohan
m,hemant
m,shivam
m,yash
m,aakash
m,chandesh
m,supriyal
m,gajender
m,pooran
m,irfan
m,azaruddin
m,mukul
m,raja
m,pawan
m,sandeep
m,rajkumar
m,parvesh
m,neeraj
m,jamil
m,yogita
m,rijul
m,rahul
m,rajender
m,suraj
m,rizwan
m,har
m,deepak
m,abhishekh
m,shelender
m,ankit
m,surender
m,arjun
m,keshar
m,raju
m,kuldeep
m,santlalgolu
m,lalit
m,pulkit
m,jahoor
m,tammanne
m,kailash
m,bhagwati
m,ajay
m,silender
m,akhilesh
m,dipendra
m,nitin
m,doodhnath
m,aslam
m,jitender
m,adnan
m,vijay
m,yogesh
m,kabir
m,sarvesh
m,rakesh
m,akash
m,pintu
m,vivek
m,farmaan
m,vansu
m,shyam
m,shafibul
m,aamir
m,kamal
m,mayank
m,som
m,bablu
m,mubarik
m,niraj
m,sarbjeet
m,axat
m,anubhav
m,akkash
m,himanshu
m,harsh
m,anil
m,sachin
m,subhash
m,bhupender
m,raghunandan
m,yognder
m,arun
m,vikas
m,vinod
m,salman
m,imamudeen
m,tarjan
m,murari
m,ramvilash
m,jagdish
m,vishal
m,talim
m,nanku
m,bhola
m,balraj
m,ravindra
m,uttam
m,babalu
m,rustam
m,sukhdev
m,b
m,dolly
m,gopal
m,beeru
m,vipin
m,manish
m,guddu
m,jatin
m,shadab
m,abhishek
m,gulfam
m,phoolwati
m,mohit
m,veer
m,amarjeet
m,satyadev
m,rishi
m,esrail
m,suresh
m,saddam
m,nikhleshwar
m,jai
m,sunil
m,virender
m,bishun
m,pritam
m,kishan
m,harman
m,rajbir
m,chander
m,krishan
m,jony
m,mohammad
m,ashok
m,ravinder
m,guman
m,amardeep
m,bharat
m,azaz
m,parveen
m,mahabir
m,kartik
m,shubham
m,madan
m,rashid
m,deep
m,dharmbir
m,kunal
m,arman
m,avinsh
m,karan
m,sagar
m,nikhil
m,raman
m,sujen
m,abhijeet
m,anshu
m,sahil
m,aditya
m,gaurav
m,ravi
m,shankar
m,vishvash
m,sonia
m,kayamuddin
m,nandkishore
m,lala
m,mahender
m,satender
m,mobin
m,khokan
m,krisana
m,vipol
m,rajmani
m,harbir
m,farid
m,yuvraj
m,charan
m,satish
m,gappu
m,nazeem
m,gutam
m,prakul
m,birjesh
m,girishi
m,pavan
m,ikramuddin
m,sajan
m,molu
m,dilawar
m,naval
m,ajahar
m,sanjeev
m,prem
m,sandhaya
m,ashish
m,jang
m,om
m,kamre
m,satpal
m,ashfaq
m,shaid
m,hari
m,parash
m,mehraj
m,chetan
m,bhanwar
m,sanavvar
m,mustaq
m,ramkaran
m,mukhtyar
m,vakil
m,bilal
m,radheshyam
m,mukesh
m,sunny
m,brahamprakash
m,sobit
m,inder
m,shakir
m,haseen
m,kiran
m,gulam
m,rajan
m,ayush
m,sehboob
m,divaraj
m,kamlesh
m,rajiv
m,abhinav
m,devender
m,azruddin
m,mushir
m,vibhuti
m,inderjeet
m,golu
m,lokesh
m,rijakpal
m,munna
m,shishram
m,pramod
m,ajit
m,deelip
m,aaftaab
m,monu
m,ramesh
m,sawan
m,saurabh
m,avdhesh
m,sohnal
m,najar
m,lavtar
m,nanak
m,harprasad
m,ashsish
m,rajesh
m,ashu
m,manjeet
m,jaipal
m,jalil
m,kasim
m,udham
m,narayan
m,lakshman
m,shahid
m,ishtkar
m,harish
m,puneet
m,rashab
m,praful
m,tarachand
m,puran
m,narender
m,lal
m,ankush
m,ranveer
m,anwar
m,sadab
m,gorav
m,laxmikant
m,abbas
m,avinash
m,ravish
m,hukum
m,pappu
m,mahesh
m,rekhai
m,vashudev
m,akshay
m,goldy
m,satyender
m,babloo
m,bhavesh
m,gourav
m,amarapal
m,tara
m,momin
m,parnav
m,parminder
m,mustafa
m,dharmender
m,parth
m,abhimanyu
m,rohan
m,samir
m,kanheya
m,mushrraf
m,pardeep
m,nithyanandham
m,mahavir
m,indra
m,soni
m,laxmi
m,rima
m,ramjan
m,omparkash
m,alok
m,vude
m,chetanya
m,pinkoo
m,shardanand
m,henkhochon
m,shsi
m,amrudin
m,shahnawaz
m,brij
m,baban
m,subham
m,sapna
m,surendra
m,naveen
m,amar
m,nanhu
m,rishab
m,ziyabul
m,jag
m,ritu
m,shyama
m,bhag
m,parbhat
m,aamod
m,nanagram
m,gautam
m,govind
m,pramjot
m,usha
m,nootan
m,chhotelal
m,abdul
m,sambhu
m,yasib
m,sone
m,chhotu
m,sushant
m,adersen
m,hardeep
m,fitrat
m,karunakar
m,somdath
m,shiva
m,iswar
m,maj
m,manni
m,sonu
m,amrit
m,tausin
m,rajveer
m,bhrat
m,annu
m,ombir
m,anand
m,varun
m,yameen
m,jitendra
m,iarfan
m,vasim
m,prateek
m,birju
m,pradeep
m,raghubir
m,ayub
m,azhar
m,tufail
m,afridi
m,tahir
m,abhay
m,anuj
m,vipiv
m,inderpal
m,sanjit
m,aasto
m,dhansinghpuri
m,chottu
m,nirmal
m,niranjan
m,mantu
m,firakat
m,ashshwer
m,andhav
m,akhil
m,ranbir
m,sikandar
m,dalip
m,satnosh
m,sohan
m,aasish
m,tavinder
m,laxman
m,milan
m,harishankar
m,radheyshyam
m,damanjeet
m,sameer
m,bhushan
m,samadh
m,malkeet
m,uma
m,kamla
m,tikku
m,janesh
m,lakshya
m,anoop
m,dal
m,pushpendra
m,harpal
m,khimanand
m,akshit
m,chandan
m,vinay
m,pancham
m,shekher
m,bir
m,shankarlal
m,ishwar
m,vimal
m,omprkash
m,masoom
m,toquir
m,sarthak
m,armaan
m,nabav
m,subin
m,mayur
m,ghansyam
m,asharam
m,son
m,badri
m,azad
m,jorj
m,naresh
m,deepu
m,aashik
m,sugodh
m,munender
m,ashutosh
m,harender
m,jay
m,parmod
m,mangat
m,aryan
m,savan
m,aarif
m,patikmonu
m,nand
m,sarad
m,liyakat
m,vicky
m,bodh
m,leela
m,chanchal
m,shamshad
m,bittu
m,shashank
m,hare
m,vipulander
m,khuma
m,komal
m,piyush
m,lakhan
m,nadim
m,sahdab
m,tufel
m,tekchand
m,bobby
m,tejvir
m,dilip
m,subodh
m,pramood
m,dev
m,sureshtinku
m,muntiyaj
m,lilu
m,surjeet
m,ratikant
m,deva
m,firoz
m,dr
m,raghuveer
m,dheeraj
m,sardar
m,sita
m,ritik
m,ketan
m,angreg
m,sitaram
m,rampati
m,ramsurat
m,jockyipai
m,murli
m,rehman
m,gurdarshan
m,ramsem
m,shahrukh
m,atul
m,shanwaz
m,samsuddin
m,jyoti
m,sourav
m,chain
m,somender
m,sorabh
m,phirdos
m,aabid
m,rajneesh
m,shakil
m,ayan
m,amil
m,sidharath
m,milap
m,sanny
m,roshan
m,jeeya
m,ishant
m,durganand
m,same
m,ramkishan
m,tarun
m,brijmohan
m,tajuddin
m,mannu
m,suhail
m,shakti
m,haider
m,sok
m,pandit
m,baksi
m,banwari
m,devraj
m,man
m,uday
m,kanhaiya
m,kripal
m,kaif
m,arsh
m,chirag
m,prince
m,tarif
m,lalan
m,ali
m,sheru
m,bhanu
m,sanni
m,vanish
m,firoj
m,ranjeet
m,traun
m,sushil
m,subhakar
m,praveen
m,shabuddin
m,surgayan
m,rinki
m,akram
m,khemraj
m,chaterpal
m,shaukat
m,mo
m,lekhraj
m,aayush
m,ajeet
m,lok
m,rattan
m,rajaram
m,ranjit
m,sujeet
m,cheddi
m,shail
m,sahrukh
m,kalu
m,swapanesh
m,rupender
m,manjiv
m,kamruddin
m,jaiprakash
m,anurag
m,bal
m,laksh
m,jitendera
m,jagmal
m,radhey
m,chandra
m,prasant
m,balwant
m,prahlad
m,vipendra
m,mujaffar
m,sharukh
m,harison
m,danish
m,bandu
m,sudhir
m,dhrmveer
m,adi
m,aakashmultan
m,riyaz
m,balbir
m,bijender
m,mithlesh
m,mohak
m,divansh
m,muneer
m,dhalchand
m,bishan
m,paras
m,ganesh
m,chanden
m,chandrram
m,ansh
m,islam
m,sohaib
m,krishana
m,sonali
m,satyam
m,viney
m,dhramender
m,swami
m,sartaj
m,ramhetu
m,jabir
m,harvinder
m,anandi
m,mh
m,sajjan
m,prhalad
m,partik
m,kapil
m,salin
m,shayam
m,imran
m,daya
m,sameem
m,chetanram
m,ajman
m,puspak
m,desh
m,shisupal
m,vikarm
m,shayamveer
m,shyamveer
m,paul
m,ramchander
m,harkesh
m,anup
m,randhir
m,shashikant
m,aadil
m,mohhmad
m,pancu
m,ramtek
m,monuarun
m,gauri
m,punarjyoti
m,parteek
m,hansraj
m,radha
m,nadeem
m,babu
m,ameen
m,sanjiv
m,nizamuddin
m,suman
m,mahaveer
m,rani
m,mahipal
m,ramprasad
m,asif
m,daniel
m,zakir
m,agyapad
m,suwadhin
m,arif
m,noorjama
m,yashin
m,raviraj
m,shoab
m,teerath
m,ankur
m,harichand
m,chatan
m,deepchand
m,jasveer
m,deepender
m,aoosaf
m,abrar
m,tanveer
m,ratiman
m,mul
m,jasbir
m,anwari
m,shyamlal
m,nashim
m,phooleshwar
m,aatif
m,jahid
m,mho
m,ridhakaran
m,babulal
m,jabbar
m,rinku
m,altaf
m,indu
m,sheikhsai
m,shagufta
m,moni
m,harendra
m,sivam
m,shambhu
m,shripal
m,rada
m,mahendra
m,shivyalam
m,dharmandra
m,surya
m,hrithik
m,pooja
m,akbar
m,sehzad
m,tushar
m,pushkar
m,ahsan
m,aftab
m,kundan
m,faijal
m,banarsi
m,utkarsh
m,noor
m,subhas
m,kavilash
m,sarvan
m,mamta
m,robin
m,lalaram
m,bikki
m,mamchand
m,barkat
m,manful
m,rajendar
m,satbar
m,bobi
m,salmaan
m,hararat
m,anshul
m,ansu
m,anjali
m,saroj
m,birij
m,love
m,omprakash
m,taushif
m,leo
m,rahish
m,deshraj
m,shibu
m,shamim
m,irshad
m,unkar
m,girish
m,vipta
m,bhupesh
m,munesh
m,gopi
m,fulmiya
m,balram
m,shib
m,bangali
m,nanhe
m,hazrat
m,sudhansu
m,raseel
m,bijendra
m,bhagwan
m,bhajanlal
m,chran
m,hariom
m,aashu
m,azam
m,bharma
m,gyanendra
m,javed
m,gulreg
m,jahagir
m,sumer
m,udaiveer
m,ravindera
m,sabbir
m,sant
m,salim
m,manpreet
m,harak
m,naseem
m,jiya
m,akshpaat
m,abhash
m,moh
m,yogeshwar
m,yasar
m,lamani
m,jeeshan
m,ved
m,jeetu
m,vidit
m,giri
m,nawab
m,satyvrat
m,versha
m,shekh
m,shah
m,ishan
m,titudevender
m,shailesh
m,tunni
m,mukeemuddin
m,ronak
m,chitrangan
m,chatar
m,rihan
m,divyansh
m,nwed
m,abdullah
m,raghuvir
m,dharmvir
m,bram
m,dular
m,shobharam
m,prabhjeet
m,tosif
m,ghanshyam
m,somnath
m,hosiyarilal
m,tapan
m,rafiq
m,begraj
m,dhanna
m,amrish
m,ghan
m,kabul
m,lave
m,akhtar
m,khursheed
m,lawrence
m,arsad
m,daler
m,ravikant
m,mohdamir
m,nandu
m,rajni
m,taj
m,unknown
m,deewan
m,keshave
m,boby
m,sanyaman
m,suminder
m,mohinuddin
m,shanbhu
m,p
m,abhisekh
m,meenu
m,soyam
m,lakki
m,harjeet
m,indal
m,vivekanand
m,trilochan
m,munajir
m,vikramjeet
m,lakshit
m,mithun
m,baldev
m,anish
m,tirlok
m,viram
m,nijam
m,mhoomad
m,madhan
m,mahfuj
m,manav
m,kalish
m,mansur
m,manender
m,kanhiya
m,manak
m,jagjiwan
m,bansilal
m,jalaluddin
m,sahid
m,satbir
m,naeem
m,not
m,ramswaroop
m,banty
m,sabir
m,muslim
m,nisha
m,jagat
m,kanta
m,roop
m,shetan
m,shahnawaj
m,iklakh
m,halkuji
m,matadeen
m,ragwender
m,surat
m,gurvinder
m,rinkoo
m,dilshad
m,babar
m,veepinchand
m,rishabh
m,anmol
m,bachu
m,moolchand
m,sarfraj
m,samser
m,avadh
m,talib
m,shashwat
m,vimlesh
m,mahindra
m,mohmmd
m,hazari
m,tinku
m,hasan
m,suryanath
m,amir
m,akilesh
m,ashwani
m,nittin
m,umesh
m,chotu
m,sat
m,sourabh
m,sehzada
m,gurmeet
m,amuchla
m,dilbar
m,chhedilal
m,parsnath
m,gulshad
m,siwani
m,arshad
m,gangadhar
m,sahab
m,baburam
m,udaiy
m,rajbirchanga
m,satya
m,sultan
m,iqbal
m,sher
m,jawhar
m,harshit
m,gjender
m,tulshi
m,shamsuddin
m,deen
m,amreek
m,paramjeet
m,druga
m,aashif
m,istyara
m,kewal
m,shyad
m,jubed
m,sanu
m,prakash
m,ballu
m,punnet
m,chand
m,aashis
m,farhan
m,khushal
m,amart
m,ramkesh
m,shakib
m,srheeram
m,tohid
m,sidhrath
m,harib
m,aasif
m,jat
m,rajat
m,netram
m,bajrangi
m,tony
m,nazir
m,sahwaj
m,ramji
m,trilok
m,prafhool
m,shish
m,shaurabh
m,kesha
m,bhopal
m,lucki
m,fakrrudeen
m,jasvinder
m,khalid
m,bhabhav
m,saleem
m,rocky
m,nar
m,kawaljeet
m,omender
m,yashwant
m,biran
m,farku
m,rajpal
m,braham
m,shanawaz
m,hukam
m,sanaullah
m,dhruv
m,dirgaj
m,magat
m,aanad
m,charanjeet
m,aaditya
m,nitesh
m,dhaney
m,zeshan
m,pinki
m,goutam
m,joria
m,yogender
m,sai
m,dhananjay
m,saidas
m,abdulla
m,naim
m,prashansa
m,devi
m,vipul
m,naitikkanaya
m,abhiraj
m,irsad
m,basant
m,kailesh
m,eldro
m,kirti
m,gulab
m,birbal
m,ruplal
m,surajpal
m,patric
m,mdgulsher
m,rakshit
m,suleman
m,dishad
m,shambu
m,bahart
m,dipu
m,devasish
m,bijander
m,rajendra
m,bunty
m,charnjeet
m,justin
m,budhan
m,bhagat
m,gobind
m,affan
m,mohamad
m,gulashan
m,jasvindir
m,omveer
m,mustkeem
m,vikky
m,mangal
m,surendermannu
m,sanju
m,ramwatar
m,avdesh
m,harbanschauhan
m,bhram
m,kaushar
m,khalil
m,haridutt
m,chaman
m,lasar
m,sorav
m,jumrati
m,dwarika
m,gurpreet
m,sidharth
m,rekha
m,jumman
m,sujit
m,garv
m,salesh
m,yoginder
m,shulal
m,jaykumar
m,sidarth
m,sahajad
m,satyanarayan
m,daks
m,sahnaz
m,parmo
m,sukhram
m,avnish
m,bahrat
m,ebane
m,satnam
m,aniket
m,dauji
m,nanni
m,rahisuddin
m,lakshay
m,gurfaan
m,repu
m,anuraj
m,goverdhan
m,rajinder
m,divy
m,tilakram
m,sarju
m,gordhan
m,joginder
m,kashiram
m,ramchandra
m,dayal
m,siddarth
m,saksham
m,julfi
m,jagbir
m,guruvachan
m,shanwaj
m,ranjan
m,attar
m,dimpu
m,bimlesh
m,sabeer
m,satyawan
m,hadarali
m,bhavuk
m,zahid
m,ankaj
m,patras
m,ramu
m,parsanjeet
m,raghubeer
m,navneet
m,mithu
m,asruddin
m,sabi
m,kamraan
m,dharambir
m,bechan
m,amkit
m,khurshid
m,makbul
m,preet
m,manku
m,balchand
m,wali
m,nathu
m,tamana
m,ramdhin
m,mustkim
m,sangit
m,sarvash
m,kaluram
m,trlokchand
m,sanoj
m,manojmonu
m,kanwar
m,girdhari
m,adesh
m,parkash
m,daljeet
m,sidh
m,anurudh
m,sahnawaz
m,mehak
m,dd
m,manju
m,tonipunit
m,sohail
m,bittan
m,sitender
m,phool
m,kishore
m,nankesh
m,nasruddin
m,hasim
m,harishchandr
m,sudan
m,sagir
m,sapan
m,sangram
m,mdansar
m,veerpal
m,vishnu
m,urendra
m,bholu
m,sundeep
m,munkad
m,rupendra
m,rakkibhul
m,neki
m,omkar
m,lucky
m,devid
m,babbu
m,parashu
m,brijesh
m,satvir
m,maujim
m,shalid
m,atitaj
m,amin
m,zaheer
m,babupuri
m,lakhamichand
m,saizad
m,geeta
m,dheerendra
m,rana
m,dhannu
m,rukhsar
m,jagdeep
m,parmood
m,aakar
m,rohtash
m,jaibir
m,kheem
m,mahammd
m,yusuf
m,bhupendra
m,ganga
m,rehan
m,chandermani
m,jaiparkash
m,permeshwar
m,aadish
m,buddhi
m,lakhraj
m,virpal
m,minder
m,chitranjan
m,chiranjavi
m,krishna
m,ashishi
m,suchit
m,jogender
m,deepaak
m,indernath
m,hira
m,lokendra
m,birpal
m,vaibav
m,kalyan
m,kuwar
m,sankar
m,prashant
m,vikki
m,radhe
m,harvansh
m,yadho
m,partap
m,manver
m,nasir
m,rajnesh
m,sakal
m,noornabi
m,papuu
m,bhudhi
m,banshi
m,prabhat
m,ratul
m,keshav
m,prameshwar
m,ramlakhan
m,chhatar
m,mahbir
m,aakib
m,hanuman
m,rambabu
m,bittoo
m,amlesh
m,parshotam
m,chhitar
m,anantram
m,mobarkar
m,ramchandr
m,govinda
m,jaichand
m,gurjeet
m,senser
m,sajruddin
m,karmveer
m,chetram
m,jamal
m,lakhami
m,niwas
m,pphola
m,naruram
m,panna
m,ramdev
m,lalital
m,devkran
m,hariesh
m,mehinder
m,prabhakar
m,baljinder
m,sudershan
m,parshu
m,shakhtnsana
m,yaqub
m,dalchand
m,pukharam
m,sarif
m,saif
m,bhudev
m,faisal
m,sujal
m,victor
m,jeevan
m,moin
m,manash
m,waseem
m,ramjeet
m,upendra
m,yashpal
m,razi
m,papp
m,parmeshwar
m,lakhvinder
m,shahnabaz
m,sajid
m,jhalla
m,pramatma
m,mata
m,rakhi
m,rajeet
m,rishipal
m,sukhpal
m,haji
m,rijwan
m,dharamvir
m,bhan
m,aijay
m,gauravgil
m,adalat
m,umar
m,tharu
m,vi
m,fanni
m,nijamuddin
m,ikrar
m,mehboob
m,durvesh
m,ibarhim
m,balvinder
m,umang
m,deepansu
m,surajbhan
m,avtar
m,indervesh
m,gaffar
m,najre
m,jitendr
m,sofali
m,braj
m,nishant
m,abhishak
m,taufik
m,sukumar
m,shekhar
m,durgashankar
m,jairam
m,umashankar
m,aidtya
m,ashik
m,bashudev
m,sarafat
m,guru
m,anshuman
m,karanveer
m,adil
m,mehtab
m,manosh
m,sukhvinder
m,mnyak
m,nabal
m,handu
m,shivcharan
m,dhramveer
m,vakesh
m,devendra
m,tohir
m,sadiq
m,shobha
m,sukul
m,kanishakraj
m,ravidutt
m,vikrant
m,bacchu
m,mhosin
m,ramnihor
m,emran
m,virendra
m,upender
m,dibakar
m,rameswar
m,shabbir
m,rampal
m,wasim
m,numesh
m,aashish
m,rahulakash
m,hament
m,shashi
m,mager
m,imtyaz
m,siya
m,chanda
m,devendr
m,davinder
m,pratul
m,arindom
m,harikishan
m,hemantteeku
m,ravinath
m,yespal
m,puskar
m,modh
m,dharmendr
m,sanwar
m,kanisk
m,manjesh
m,dharamveer
m,pratap
m,parshant
m,shakar
m,surendr
m,sardhu
m,maha
m,farman
m,durgalal
m,chote
m,dakch
m,mustikeem
m,mahak
m,maneesh
m,mohmmad
m,sukjveer
m,sulender
m,rameshwar
m,ekram
m,sukh
m,sadik
m,vishu
m,nathuram
m,baljeet
m,ovaish
m,jalmi
m,pabu
m,deepanshu
m,saurab
m,jaidev
m,najim
m,dipak
m,jisan
m,ilesh
m,makhan
m,aatir
m,furkan
m,gagan
m,jameer
m,bannu
m,devasheeh
m,imamuddin
m,mukaram
m,tofik
m,sanjayghasu
m,mukund
m,omjone
m,sadabkhura
m,radhesayam
m,ibraham
m,dushyant
m,umakant
m,latur
m,rupak
m,prami
m,nitish
m,jaanu
m,manshi
m,ish
m,suja
m,hiramani
m,taleem
m,swarn
m,bhoop
m,shatish
m,rijvan
m,dhrampal
m,sheeak
m,tilak
m,sotaj
m,nipun
m,chunni
m,girraj
m,dhamender
m,bhrkat
m,digvijay
m,chamanlal
m,suneel
m,udmai
m,aditi
m,sheikh
m,gorv
m,jot
m,adisan
m,forshan
m,kamil
m,aamin
m,rohthash
m,yaman
m,virat
m,bhagirath
m,firasat
m,misri
m,gajendra
m,tek
m,vilram
m,durga
m,shafi
m,gunanidhi
m,sakil
m,krish
m,bachhu
m,bhura
m,kanhaiyalal
m,priyansu
m,manvir
m,sansaar
m,dhan
m,omendra
m,aejaz
m,dabu
m,aasim
m,faran
m,sahdev
m,mukhtiyar
m,sikender
m,sandeepsonu
m,bhaddal
m,sukhveer
m,himmat
m,aash
m,faiz
m,rampher
m,dharampal
m,jaspal
m,reena
m,bheema
m,jaffar
m,bachheshwar
m,basanta
m,avfesh
m,jankraj
m,budh
m,randheer
m,ramsingh
m,mehib
m,ahmed
m,kajamuddih
m,alijan
m,awdhesh
m,schin
m,shriram
m,manohar
m,vansh
m,omperkash
m,nagender
m,mansharam
m,dwarka
m,chandi
m,mohm
m,riyajudhin
m,ramlal
m,atish
m,ajaypal
m,monish
m,mintu
m,subhodh
m,navdeep
m,ishatkar
m,malchand
m,job
m,jankidas
m,grish
m,santram
m,nishith
m,pandu
m,tajwar
m,rahmat
m,harbinder
m,nazim
m,saidul
m,sadhna
m,sabbar
m,najis
m,heeralal
m,kalpadma
m,shikha
m,abhinwav
m,hiralal
m,papa
m,akshat
m,vedanand
m,shahjad
m,ishwer
m,liveri
m,vikesh
m,shadik
m,warish
m,shahabuddin
m,wiresh
m,jaiprkesh
m,manjit
m,satyaprakash
m,chitu
m,ashraf
m,ashiya
m,gafur
m,netra
m,jawahar
m,ramniwas
m,zanmi
m,mehphal
m,ct
m,sukhbir
m,subato
m,sundar
m,naman
m,birajpal
m,vidyadatt
m,manjar
m,mamu
m,harmani
m,najimuddin
m,khangara
m,alaudin
m,sujan
m,rubal
m,lakhmi
m,narsingh
m,surinder
m,jakir
m,hitesh
m,ranju
m,sateesh
m,somesh
m,mahfooz
m,pkamesh
m,afjal
m,hemraj
m,mhendar
m,dilsad
m,nasiar
m,wasimuddin
m,jedu
m,sehbaj
m,venkatswaran
m,ghasiram
m,ramphal
m,dhurve
m,boduram
m,kashi
m,munshi
m,sanjai
m,raud
m,dharm
m,rukshan
m,devik
m,anjeev
m,sudarshan
m,ramnath
m,harpreet
m,dhurender
m,sishpal
m,dhisa
m,teekam
m,surendar
m,dhirender
m,munnu
m,narendera
m,ramkish
m,biru
m,dhiraj
m,mujibu
m,rahim
m,gyan
m,bobbi
m,satishmoolchandbaba
m,navjoot
m,siddharth
m,sarjeet
m,dhanraj
m,mehandi
m,thakur
m,babuddin
m,parsuram
m,bhuneshwar
m,garib
m,bhupen
m,lokender
m,bhagipuri
m,manmath
m,tulsiram
m,ahmad
m,brijpal
m,rishaw
m,naroo
m,farjand
m,sidhant
m,bitto
m,fhaishal
m,sujata
m,dakshina
m,banwarilal
m,rasab
m,shelesh
m,pitar
m,siraj
m,bisto
m,sanpat
m,sandee
m,beragi
m,kishor
m,sarik
m,mubashir
m,heera
m,moshin
m,harishen
m,satan
m,prmod
m,nasim
m,nadir
m,mustak
m,kunj
m,vijendar
m,bhojaram
m,lakh
m,sukhbeer
m,sukhavinder
m,selva
m,majid
m,sugai
m,munder
m,priti
m,sehnawaj
m,mandu
m,kamaldeep
m,sarabjeet
m,luv
m,jahgeer
m,aaenab
m,mohad
m,lali
m,lehru
m,newal
m,ravindr
m,rati
m,jisaan
m,mnoj
m,aaftab
m,constable
m,ameer
m,jawed
m,gopiram
m,joholal
m,akansh
m,pushpendr
m,chettan
m,katwa
m,anash
m,yogendr
m,riyajudin
m,sukar
m,fida
m,parbhudayal
m,ujir
m,mandeep
m,prakesh
m,mool
m,mamraj
m,ramkumari
m,yeshpal
m,bhauk
m,rehaan
m,mangol
m,rai
m,akilsonu
m,sajju
m,tej
m,yogendra
m,rajend
m,sumender
m,ijhar
m,chotan
m,babul
m,omi
m,rajna
m,naulakh
m,faimuddin
m,harbhajan
m,sadod
m,kirpa
m,hukma
m,nrotam
m,surindera
m,navnit
m,inkoo
m,ramvir
m,samim
m,pransis
m,bacche
m,mannulal
m,dildar
m,samon
m,hawa
m,roopsingh
m,parvez
m,rajnish
m,revndrshing
m,anjani
m,sufian
m,sanchit
m,tanmay
m,sakcham
m,pradep
m,dhananjai
m,parvej
m,chintan
m,tejpal
m,said
m,paratibha
m,surgyan
m,pappe
m,ashad
m,aajiv
m,stephen
m,asrf
m,dama
m,bada
m,megharaj
m,rantesh
m,saad
m,bhala
m,tanvir
m,harun
m,javid
m,happy
m,meeta
m,hashim
m,fakerey
m,adarsh
m,gyanender
m,faim
m,toshar
m,sakib
m,usmaan
m,bhim
m,meer
m,sohanpal
m,rishu
m,amina
m,bahadur
m,layman
m,jasiram
m,sharwan
m,m
m,biraj
m,nepal
m,gopesh
m,pavnesh
m,mantosh
m,shobhit
m,gordhanlal
m,sangeeta
m,jitu
m,chandu
m,brijshwaer
m,kulbir
m,kawa
m,dhermendra
m,shahwaj
m,vedprakash
m,ajeem
m,mohdafzal
m,vickky
m,manoish
m,jite
m,binani
m,partyush
m,nakul
m,sahun
m,sakir
m,arunkumar
m,veeru
m,rajdut
m,abishak
m,roji
m,jwala
m,oli
m,afshar
m,tripurari
m,abul
m,rolly
m,makan
m,baijnath
m,faizur
m,kayum
m,giriraj
m,choga
m,beeram
m,lateef
m,bharatdholu
m,dharmendra
m,baleshwar
m,khemchand
m,kundin
m,rajvir
m,galu
m,balak
m,mastan
m,hajrat
m,madho
m,vijender
m,kanahiya
m,shoukat
m,laddha
m,rajkiran
m,sahjad
m,visan
m,sandip
m,kashiv
m,sunaina
m,shabir
m,bhagwat
m,amarjit
m,hem
m,abhisek
m,bhuvneshwar
m,nandita
m,koushik
m,fahim
m,daaud
m,majunew
m,chhagan
m,kirshanpal
m,padam
m,jaideep
m,vishanu
m,ratneshwar
m,natha
m,ganeshi
m,dharmpal
m,bhisan
m,khushi
m,prabhudayal
m,tapas
m,munni
m,divakar
m,pramal
m,paramjit
m,shidharth
m,diwakar
m,baam
m,mahinder
m,denesh
m,gurlal
m,hera
m,subhan
m,afzal
m,devki
m,virnit
m,etahsaam
m,jaivind
m,gur
m,rejaul
m,for
m,dharmendera
m,gurcharan
m,sunilmonu
m,dhukhu
m,njare
m,partul
m,mohardi
m,sispal
m,vihsal
m,ansul
m,phoolo
m,meharuddin
m,kalusingh
m,birgesh
m,lalu
m,balwan
m,dowlat
m,vinoda
m,amber
m,aditiya
m,islamudin
m,durg
m,sonam
m,syed
m,surajmal
m,iqubal
m,zishan
m,aswin
m,tilk
m,sodan
m,haseem
m,babli
m,megharam
m,susmata
m,gruchran
m,satu
m,amrika
m,mast
m,kashish
m,prashanat
m,jaskirat
m,rumeet
m,sahajaha
m,omeshkumar
m,taslim
m,kunwar
m,subjeet
m,bhole
m,navin
m,rudmal
m,chintu
m,cheete
m,janmesh
m,lakshy
m,surendera
m,beenu
m,murad
m,angan
m,tanish
m,shanvaj
m,souvik
m,sinder
m,sumoranjam
m,davender
m,devdhari
m,goruav
m,latoor
m,surjit
m,saroz
m,asarfi
m,saurav
m,narendra
m,vijaypal
m,radat
m,khusaboo
m,salinder
m,samad
m,pushpa
m,asish
m,kirshna
m,ombeer
m,sham
m,ganpat
m,balbeer
m,ramfare
m,lovly
m,khamchand
m,bhulaee
m,mihir
m,soban
m,lllllllllllllllllll
m,prabhu
m,sawrn
m,sridwrikaprasad
m,ratwari
m,swapam
m,phakir
m,susanto
m,biitu
m,seti
m,patan
m,manesh
m,muzim
m,mogli
m,paramveer
m,manmohan
m,ibrahim
m,ramanand
m,milkhi
m,asi
m,velaram
m,dipanshu
m,santi
m,haneef
m,megh
m,ramakant
m,naitik
m,inderjit
m,rambrij
m,kapiil
m,saruf
m,hakimuddin
m,jasvant
m,kumail
m,tameezuddin
m,khajan
m,dimpal
m,puranmal
m,visvajeet
m,subash
m,sooraj
m,sabrajeet
m,shadan
m,gotam
m,n
m,nizam
m,homa
m,kartar
m,ashwini
m,tashnim
m,maksood
m,sudhdev
m,kalap
m,mangeram
m,naushad
m,chootu
m,nawed
m,ajab
m,vaid
m,perdeep
m,hanif
m,sinil
m,manvendra
m,hanumanram
m,visham
m,devpal
m,shur
m,dolat
m,srikant
m,ishu
m,ramkumar
m,maninder
m,dhurpati
m,hamza
m,naryan
m,baichan
m,vanshu
m,sashi
m,shanti
m,ritesh
m,neelajan
m,chajju
m,ghurul
m,nirbhay
m,bhagwanaram
m,pervez
m,amarnath
m,ashif
m,binder
m,dhanpat
m,shailender
m,mehbob
m,munne
m,pardep
m,yamin
m,mohar
m,pyare
m,aagand
m,madhusudan
m,sehin
m,sharanjeet
m,puswa
m,shushil
m,sheh
m,gomti
m,rahis
m,vinodbadri
m,jagnath
m,mali
m,sanjeet
m,gajraj
m,rauf
m,archna
m,barjesh
m,mithelash
m,sampat
m,chela
m,dhanjay
m,mangilal
m,shashid
m,parmanand
m,bharatlal
m,dund
m,durjan
m,chura
m,kurban
m,tavraj
m,madhu
m,jahir
m,jagdambika
m,chunnu
m,udai
m,naisi
m,kalpesh
m,jism
m,nabi
m,imaman
m,kaptan
m,batu
m,dil
m,prabhjit
m,anikesh
m,nazirul
m,aanand
m,joni
m,sidheswar
m,nischaya
m,meghanath
m,shishul
m,mazhar
m,halke
m,methun
m,mangeshwar
m,taiyab
m,kuparth
m,kulwinder
m,aru
m,ikramudeen
m,poshetty
m,muskuran
m,sadip
m,ratan
m,devesh
m,muhmad
m,naved
m,nain
m,annat
m,parhalad
m,ramkiashan
m,sankarlal
m,akib
m,sanjaysonu
m,miraz
m,prsant
m,chorag
m,poonam
m,sukkhu
m,angad
m,duni
m,radhamohan
m,wazir
m,kumresh
m,chtar
m,sanand
m,kirashan
m,karim
m,seeta
m,noore
m,wazid
m,neelkant
m,mona
m,jamadar
m,shailash
m,rama
m,rihal
m,rame
m,hasibul
m,satendra
m,bhawani
m,kana
m,nilu
m,nabijan
m,dya
m,chetna
m,awdesh
m,brijlal
m,devanand
m,tarbez
m,riyajuddin
m,kaushal
m,harshdeep
m,gandhi
m,vaseem
m,ajim
m,ujjawal
m,bhikhari
m,shivaji
m,sehjamal
m,bintu
m,hayatul
m,santrm
m,shahnwaj
m,nrendr
m,ahupendra
m,dharmveer
m,saddham
m,youraj
m,puspendar
m,kirshan
m,kaushik
m,kanok
m,sahna
m,mohmed
m,ayube
m,kirshn
m,balam
m,rajeshvr
m,shahvaj
m,nathulal
m,shivraj
m,muksndi
m,rajurajesh
m,shubhm
m,anli
m,shami
m,gheesa
m,shvipin
m,kirtiman
m,dikshant
m,bhanvar
m,shokat
m,sorbh
m,narendar
m,pujja
m,amarchand
m,lakhi
m,omesh
m,buhan
m,sahrik
m,sarita
m,nenhe
m,kesav
m,mansoor
m,bhavisaya
m,sharib
m,tafsir
m,anita
m,jile
m,zahir
m,dhuruv
m,harvans
m,imtiyaz
m,bansi
m,janak
m,rishiraj
m,natthu
m,khubchand
m,manmeet
m,afzaj
m,iswer
m,shkur
m,dataterya
m,mumtaj
m,dilsah
m,aansu
m,mani
m,shanker
m,arab
m,jitan
m,mukhtar
m,gyandeep
m,faizal
m,harbansh
m,omparsad
m,ziarul
m,mahfooj
m,janta
m,simranjeet
m,mohmad
m,rudra
m,jalsingh
m,amjad
m,khushnaseeb
m,khubi
m,reyaz
m,shyoram
m,mudasar
m,varsha
m,kumod
m,hitender
m,mdtosheeb
m,noora
m,vaishali
m,abhishekchotu
m,nadhim
m,ibraheem
m,ashiqu
m,gurnam
m,mishri
m,dishant
m,asfak
m,givinda
m,veerbhan
m,allauddin
m,vinaysingh
m,geesa
m,najrin
m,chhabeel
m,bhanwer
m,keshri
m,bhuri
m,mahadev
m,panchi
m,saroop
m,aalam
m,ramotar
m,himal
m,jasim
m,preeti
m,maryam
m,sompal
m,jayesh
m,amzad
m,najubai
m,satrughan
m,udal
m,gurbachan
m,vb
m,krishen
m,gyanwati
m,aarti
m,sheilesh
m,razim
m,saket
m,biram
m,nanhey
m,mousin
m,rajuddin
m,trilock
m,jaibhagwan
m,annuanil
m,hashrat
m,pallu
m,patav
m,janwi
m,moham
m,stifen
m,khetra
m,ramveer
m,robert
m,succha
m,mdbadrealam
m,bhart
m,vedh
m,param
m,badan
m,abhijit
m,chitprit
m,usman
m,pahalwan
m,chhidu
m,susant
m,kaushallala
m,sarip
m,dharmraj
m,hardas
m,hardass
m,anjum
m,israil
m,vaibahv
m,shrikant
m,risiraj
m,awedhesh
m,dayaram
m,elwin
m,rohaan
m,sheetal
m,akashya
m,jiwan
m,shashai
m,lukman
m,bhudhashen
m,sardeep
m,monti
m,mohjaved
m,sawali
m,perkash
m,bhajan
m,tunda
m,abhilash
m,gahnshyam
m,salaman
m,sharee
m,akhlesh
m,mohini
m,allaraji
m,jainab
m,kudeep
m,narendernarender
m,rajibul
m,chet
m,shreee
m,rehmat
m,ramkhilawan
m,meena
m,dhrampla
m,hiten
m,chandru
m,ankus
m,lallu
m,jeete
m,umashanker
m,pabitra
m,sam
m,bheem
m,madanlal
m,abhinay
m,abhishik
m,balveer
m,perveen
m,nidhi
m,himansu
m,kantil
m,ujjwal
m,nagaji
m,abhaysingh
m,kalla
m,shardha
m,insaf
m,tuka
m,deba
m,shaubha
m,bhotra
m,idrish
m,sahbuddin
m,maatwar
m,shaulal
m,istkhar
m,sudesh
m,akeel
m,nasrul
m,parveshpankaj
m,bhalaram
m,rampaal
m,dineesh
m,veerander
m,sonuakil
m,parmjeet
m,ilayat
m,sablu
m,parashram
m,pravin
m,furkhan
m,sedarath
m,vasa
m,libin
m,laukush
m,shanu
m,baccha
m,rudhra
m,ghaseeta
m,shokar
m,jittender
m,rvindra
m,tisar
m,miha
m,ramniwasj
m,hisham
m,sitare
m,viccky
m,panchhi
m,prabhatyashi
m,chandki
m,rakho
m,narhasi
m,mokida
m,santu
m,munnawar
m,kunda
m,noori
m,aanil
m,raghbir
m,ramdyal
m,pravesh
m,udit
m,harwindra
m,shivram
m,ramswrup
m,laxmanram
m,jamshed
m,isthar
m,kisori
m,moshad
m,viresh
m,umardaraz
m,shamshudin
m,gudiya
m,shahboob
m,benu
m,tulsi
m,agrej
m,alk
m,abishek
m,kanda
m,shaboob
m,gurubaksh
m,shani
m,mohdmujefir
m,kifayat
m,ramgopal
m,yudhbir
m,bagwan
m,jagan
m,vaibhav
m,mahkar
m,naimuddin
m,jaisigh
m,shahir
m,subesh
m,vazid
m,ruksar
m,parven
m,sugar
m,chandar
m,baliram
m,hareshwar
m,bulad
m,fakir
m,mohanram
m,jeesan
m,shahbaz
m,sahbaj
m,ansal
m,vinos
m,terence
m,nannu
m,surja
m,joydeep
m,dhreej
m,montu
m,gurjit
m,jgdish
m,jagmohan
m,mooldan
m,kaleem
m,ankitudai
m,hisamuddin
m,rambir
m,ganpatram
m,heeera
m,abu
m,istyak
m,saieman
m,redhema
m,bhajju
m,samer
m,pannalal
m,aphasana
m,bhulan
m,suraja
m,rohil
m,hritik
m,jamad
m,amol
m,chitra
m,yusaf
m,injmam
m,raghav
m,khusbu
m,kamleshwar
m,ujjair
m,zuveb
m,fazaz
m,rasul
m,chom
m,pankuj
m,chosh
m,bhani
m,kanchi
m,ramavtar
m,sohil
m,mohanlal
m,tanuj
m,nikita
m,khalidur
m,tohseeem
m,kalua
m,yograj
m,dauad
m,tajinder
m,sarves
m,rookmani
m,nirmaljeet
m,manphool
m,jimi
m,umardeen
m,arti
m,guluram
m,manisha
m,kunod
m,pravendra
m,doulat
m,parvinder
m,bake
m,sahlesh
m,tapish
m,sokat
m,gugna
m,bhawan
m,dabbu
m,gulfan
m,vishesh
m,radhyshyam
m,dhram
m,deepali
m,vickey
m,arnabjit
m,mahasingh
m,abid
m,duraga
m,shamsher
m,nosad
m,karmbir
m,shadhik
m,nishal
m,babram
m,sarfaraj
m,satveer
m,hanny
m,vibhash
m,damodar
m,sadur
m,ramsawroop
m,bindu
m,bulet
m,jadu
m,badrulla
m,neeven
m,pokhar
m,rambhul
m,hani
m,mangta
m,neeshu
m,gouri
m,kaishav
m,hanish
m,joy
m,piuesh
m,prdeep
m,wiliyam
m,sushail
m,samsudin
m,kalicharan
m,aatam
m,brajendra
m,mahraj
m,amandeep
m,chinu
m,jayshing
m,satrudan
m,dharamender
m,ramdas
m,sohanlal
m,vitan
m,saheb
m,sushila
m,nandram
m,taar
m,abhinash
m,juhi
m,yatin
m,kalwant
m,jhaban
m,chhinderpal
m,aavesh
m,jaijairam
m,laliya
m,hardik
m,kauslender
m,durgpal
m,tushal
m,shaswat
m,nawaz
m,jaiveer
m,amjat
m,shelendra
m,puspender
m,kaval
m,mahroj
m,srisuraj
m,pushank
m,purnmal
m,aamil
m,sukhmit
m,alam
m,utam
m,laldhari
m,bhahadur
m,wakar
m,ishwari
m,jugender
m,samayddin
m,jeenat
m,narander
m,mrbhagchand
m,vishwanath
m,ojas
m,baggusingh
m,diwan
m,mangelal
m,warnakulasuriya
m,guljar
m,ompal
m,rup
m,shaymu
m,shabi
m,ratneswar
m,jiyaul
m,bhavishya
m,junl
m,bhhatu
m,zafar
m,kulbhushan
m,shivnath
m,juvel
m,sudeshwer
m,sharad
m,asiwani
m,harees
m,sanjeevan
m,jeet
m,punia
m,karansingh
m,pargat
m,fazaley
m,nasrudeen
m,parbhu
m,sirajuddin
m,lakshmi
m,tribavan
m,mookan
m,narsa
m,pannu
m,nooralha
m,jeetram
m,asfaq
m,diljan
m,nooralam
m,jasveen
m,ramsewak
m,barham
m,bhismpal
m,rinkal
m,shahruf
m,islamuddin
m,vijeta
m,ajaj
m,krishn
m,anokha
m,narbir
m,sammiuddin
m,motilal
m,jagdiesh
m,ateek
m,sudhanshu
m,farukh
m,janeshwar
m,anupam
m,salmam
m,jeeth
m,dhirajdhirendar
m,gyarsi
m,beekar
m,roshanlal
m,ravindar
m,jamir
m,janardam
m,nila
m,hemanshu
m,aakas
m,atanu
m,bhup
m,jarif
m,faroj
m,ritunjay
m,satynarayan
m,prithvi
m,michael
m,akil
m,pravindra
m,gurprit
m,nur
m,kanhaya
m,bhojpal
m,so
m,amiri
m,harnam
m,radesyam
m,birajbhushan
m,kallu
m,dumnik
m,jhakar
m,rupan
m,sikander
m,iqarar
m,sukhlal
m,achin
m,mudsir
m,munsi
m,dhani
m,faqir
m,aadesh
m,subhod
m,juber
m,sarkar
m,ammar
m,jigar
m,jishan
m,hom
m,lakhwinder
m,samit
m,murarilal
m,juhewuddin
m,rammurti
m,mamata
m,knheyalal
m,rambharos
m,tamnna
m,gurdeep
m,vichitra
m,asgar
m,motilaal
m,megraaj
m,sahi
m,satyapal
m,premnarayan
m,roopnarayan
m,bhartendu
m,vimukt
m,safe
m,koshalya
m,shoan
m,moharan
m,hamid
m,anooj
m,meharban
m,gurucharan
m,kamaljeet
m,kabal
m,sariq
m,mittopuri
m,imtiaz
m,javal
m,dord
m,ratn
m,jatan
m,amratalal
m,bhuwan
m,nahid
m,vishamitra
m,narpendra
m,amarvesh
m,dukhi
m,premsingh
m,samar
m,mahtab
m,jalwad
m,akif
m,mohsin
m,himashu
m,sanat
m,gul
m,amot
m,davendra
m,shalig
m,dipansu
m,sohib
m,tolaram
m,sowar
m,saddiq
m,panaj
m,madharam
m,daman
m,yasin
m,raspal
m,meenaz
m,nishu
m,one
m,harinder
m,dorilal
m,siyaram
m,champa
m,naina
m,mohdkudtusu
m,sinta
m,shohan
m,vishvanath
m,karishan
m,multan
m,nashimuddin
m,sukka
m,abhimanu
m,sahib
m,gaffur
m,shiraj
m,yadram
m,navi
m,yesh
m,kalip
m,reenu
m,kunden
m,matbar
m,deepika
m,chinku
m,parjinder
m,kuldeel
m,akhlaq
m,popinder
m,kesri
m,mehruddin
m,gursimaran
m,rajkumarm
m,fharman
m,binnu
m,adhish
m,laka
m,mangla
m,rihaan
m,gangaram
m,pemaram
m,faizudeen
m,rupen
m,aravind
m,dulichand
m,shoaib
m,yaksh
m,manikchand
m,sarafraj
m,jitander
m,pawansingh
m,rajjit
m,brahmanand
m,firtu
m,mogan
m,mesak
m,umasankar
m,rambhool
m,anirudh
m,sanjey
m,ezaz
m,gufran
m,feru
m,subrati
m,pinttu
m,karnesh
m,kedarmal
m,rajputra
m,arbaj
m,dharma
m,v
m,tikaram
m,sidhart
m,shubankar
m,shrotam
m,harimohan
m,zuhaib
m,bhuralal
m,chakra
m,pankajsheel
m,nej
m,suhel
m,udesh
m,bhiva
m,rabpreet
m,hoti
m,devilal
m,shajid
m,jamna
m,rahimuddin
m,vrthomas
m,bhupendar
m,ramvihar
m,sekha
m,toni
m,arham
m,bhure
m,shokesh
m,mahveer
m,sabbu
m,amrik
m,kanhyalal
m,karamvir
m,samadhan
m,parathvi
m,rahishudeen
m,pyarelal
m,raghu
m,vidhi
m,rahil
m,vrendra
m,veerendra
m,sheish
m,nayeem
m,ruben
m,ramswroop
m,prempal
m,sriniwash
m,shreeniwas
m,bhoopsingh
m,mayak
m,arnab
m,kaari
m,prankur
m,indresh
m,sabbab
m,sarwan
m,ashwanimanish
m,badal
m,hazi
m,shaikh
m,pera
m,manit
m,raheesh
m,shivbhagvan
m,jacob
m,busness
m,bhagwana
m,akkni
m,gantantra
m,anjan
m,bikram
m,binpal
m,jagdamba
m,albaksha
m,sube
m,kamala
m,viraj
m,samsung
m,kmles
m,master
m,peentu
m,narain
m,mangi
m,akaash
m,jantarpal
m,abash
m,deepanker
m,mdyunus
m,sahadeb
m,sahkir
m,maniram
m,jagdeesh
m,omprakesh
m,sirazudeen
m,ranjay
m,netrapal
m,veepal
m,verendra
m,muntajar
m,vishva
m,naajim
m,rupinder
m,pramjeet
m,kamrudeen
m,anjrej
m,nijamudeen
m,vahab
m,motolal
m,vithal
m,narinder
m,dulal
m,lakhua
m,ankesh
m,amritpal
m,aasha
m,chabi
m,kohinoor
m,gokul
m,syham
m,mohatter
m,itwari
m,geernish
m,mahendar
m,bhajandeep
m,sazid
m,shoyab
m,dhurav
m,nanu
m,vandna
m,dhirpal
m,gya
m,ratnesh
m,sobi
m,ajmer
m,nitu
m,samina
m,baudi
m,jimmi
m,sameeruddin
m,randeep
m,rambhajan
m,kisan
m,lakky
m,dinkar
m,shishpal
m,bhadur
m,jani
m,bhima
m,prshant
m,nazmuslam
m,sachi
m,prabhatilal
m,hanni
m,manojkumar
m,jon
m,inderpaal
m,kuwarjeet
m,pinku
m,mahbub
m,bajinder
m,omprkesh
m,ashak
m,fazulla
m,digamber
m,nawal
m,lilaram
m,dhmendar
m,vajid
m,jamaal
m,gladwin
m,vijendra
m,warmati
m,patender
m,narbahadur
m,kirodimal
m,tundiram
m,anchal
m,aarav
m,anikt
m,iqram
m,rghuraj
m,bundhu
m,vindeshver
m,sawarmal
m,jagir
m,mum
m,deepnarayan
m,edris
m,sorab
m,satnarayan
m,shahib
m,budhram
m,maksud
m,talvender
m,tassadul
m,mudbir
m,umlesh
m,chandeshwar
m,parlad
m,gurudut
m,bagaram
m,deepa
m,sk
m,name
m,altmash
m,chtarpal
m,goopi
m,depander
m,satrohan
m,horam
m,chaturbhuj
m,trijugi
m,mahinudin
m,sona
m,lavkush
m,kush
m,kedarnath
m,amarendra
m,nek
m,ramsagar
m,bachcha
m,kaleram
m,barj
m,baidnath
m,badnath
m,pushpender
m,abhishiek
m,la
m,yuveraj
m,azim
m,nafe
m,musibat
m,yashbir
m,rituraj
m,rameshwer
m,premchand
m,shivlal
m,bodu
m,kimat
m,harshmeet
m,meghu
m,shrinath
m,dakshya
m,laltha
m,zile
m,preyojit
m,akheelesh
m,julficar
m,bhavishy
m,ranvir
m,ramender
m,gufraan
m,jaga
m,nihalchand
m,indraj
m,rajdev
m,vipan
m,ruchendra
m,vashu
m,shanshak
m,allabaksh
m,meghashayam
m,shivani
m,pareen
m,pyar
m,balkishan
m,sehdev
m,rony
m,bholaram
m,noshad
m,swati
m,badrudeen
m,mohdwahid
m,chatter
m,abhinandan
m,mukram
m,shan
m,mangu
m,jagjeet
m,avinas
m,dilkush
m,ankala
m,rsjesh
m,gs
m,muqhtar
m,kusumakar
m,afsar
m,harinarayan
m,ran
m,kashmir
m,wajuddin
m,adityalok
m,yunishs
m,baby
m,mitthu
m,j
m,nannujaypal
m,faujdar
m,bhonu
m,manu
m,nihal
m,brijnandan
m,ashlam
m,sakhichander
m,shkil
m,gandharv
m,dhrambir
m,nareshpal
m,yasmin
m,data
m,jhagdu
m,rithik
m,jit
m,dhara
m,partab
m,aazad
m,ahamad
m,yaadram
m,zameer
m,kabid
m,rajeshwarmoni
m,bhorelal
m,mitthun
m,irphan
m,deepvhand
m,malkiat
m,mandan
m,jhagdoo
m,sabana
m,pari
m,jitesh
m,sitar
m,nisar
m,bunti
m,disha
m,sarbash
m,kokil
m,dhawal
m,chandrashekhar
m,darshan
m,sadre
m,jacky
m,jagpati
m,harji
m,atu
m,raveena
m,simran
m,uda
m,pasanjeet
m,jagtar
m,sadhu
m,jaskaran
m,vashisast
m,muntjar
m,bidur
m,abbal
m,rajam
m,yaswani
m,bhud
m,deepi
m,mula
m,asha
m,gora
m,aajad
m,munnakumar
m,rajbeer
m,chandreshwar
m,jakh
m,sachidanand
m,naulesh
m,raisuddin
m,kamalkishore
m,munnem
m,eliyas
m,mohjakir
m,ramdutt
m,bipin
m,aas
m,lavish
m,kishn
m,gulsher
m,rafal
m,ramjanam
m,rajo
m,arbaz
m,a
m,veeri
m,ed
m,palaram
m,mod
m,gyanu
m,viriya
m,hukamchand
m,israr
m,pooranmal
m,anandu
m,gamer
m,garsh
m,araslan
m,rohitash
m,sarvjeet
m,pratha
m,vipun
m,gonsan
m,ghanshayam
m,swedesh
m,shukveer
m,bhusan
m,galiya
m,mithilesh
m,chhantu
m,nimahe
m,shlender
m,tanuja
m,shalender
m,ramjani
m,kaloo
m,inayat
m,neetu
m,pradeepkale
m,hasina
m,garupal
m,gagandeep
m,adan
m,ramdhan
m,ashrfi
m,samay
m,klash
m,alim
m,dharminder
m,bherav
m,vikaram
m,jafruddin
m,asagar
m,baleshwer
m,arpit
m,kale
m,banju
m,mahboob
m,gawali
m,lokindra
m,gd
m,metily
m,hanshraj
m,sohel
m,keshram
m,navendra
m,kishnaram
m,josin
m,arhiyant
m,bajrang
m,sharda
m,kmdeyji
m,bhasker
m,tool
m,mukkesh
m,dhanu
m,kareshan
m,parmodh
m,imam
m,devashish
m,parsant
m,jishant
m,dalpat
m,deeraj
m,budhu
m,maushid
m,mudssir
m,lav
m,zamile
m,rambarose
m,ansar
m,jaquir
m,deepan
m,rahu
m,meera
m,sadabrij
m,dana
m,manowar
m,aahim
m,shyan
m,shahbuddin
m,pervinder
m,nasar
m,gurdayal
m,keval
m,jugal
m,vidya
m,aluddin
m,mrityunjay
m,masheen
m,syamsunder
m,girjesh
m,sattaram
m,habib
m,nayan
m,subburaiyalu
m,nakched
m,saranjeet
m,ramjiyawan
m,pram
m,emilia
m,bhramanand
m,rathan
m,mahnatha
m,rajit
m,latesh
m,ganpati
m,fateh
m,chhanoyar
m,bishesh
m,riyazuddin
m,urmila
m,kalayan
m,rafi
m,mukish
m,shivprakash
m,altab
m,niyaaz
m,yaqoob
m,muzamiil
m,adrash
m,lekhram
m,hardev
m,nanka
m,pusgpender
m,sumesh
m,hardam
m,sunilrawat
m,menpal
m,hitlar
m,kala
m,faiyaaz
m,shshiv
m,fakrudeen
m,vinayak
m,munish
m,saahil
m,rajider
m,satayanarayan
m,maisan
m,nadem
m,mathura
m,deerendra
m,omparkesh
m,kouchu
m,rma
m,mujeeb
m,saud
m,ghantoli
m,muzmil
m,haliya
m,riyajul
m,chandpreet
m,leelu
m,sahnabaj
m,titu
m,sahabudeen
m,jaspreet
m,goldi
m,nesha
m,sohal
m,tulcharam
m,punkaj
m,dashrath
m,sumnesh
m,chunaram
m,ravishankar
m,isharar
m,mohdjaved
m,yadvir
m,somprakash
m,s
m,tariq
m,banti
m,umanath
m,atif
m,anamol
m,sauhal
m,shil
m,shi
m,bunda
m,shjad
m,kauva
m,sethi
m,opendar
m,lukkad
m,prittam
m,ghisaram
m,poma
m,husain
m,budhi
m,julfikaar
m,chhabil
m,susan
m,babudden
m,tilakraj
m,sahnaj
m,suwa
m,animesh
m,kingkar
m,maqsood
m,jodhi
m,manuvar
m,gen
m,safiq
m,panchuram
m,amrjeet
m,rinka
m,dara
m,girwer
m,jagdesh
m,basibul
m,rameh
m,dhulin
m,asutosh
m,parem
m,ilyas
m,rafeddin
m,shital
m,jetender
m,angda
m,jafar
m,avnit
m,prayatan
m,maan
m,pardhuman
m,deni
m,dilvar
m,lawli
m,prinsh
m,prabhash
m,akhileshwer
m,sukhsohan
m,shahzad
m,sushpal
m,chotum
m,ikbal
m,tapender
m,tejender
m,krishnal
m,arajun
m,junna
m,maman
m,rasid
m,dhurv
m,osier
m,prannab
m,nagendra
m,sumant
m,mukat
m,sakchan
m,kirorimal
m,bhimsen
m,lakhu
m,sourab
m,daksh
m,mitlesh
m,vakeel
m,mishrilaal
m,mosim
m,bhemji
m,bishana
m,ramulu
m,chertamani
m,hifjul
m,sainky
m,jayantadass
m,peer
m,kavit
m,bupal
m,sukesh
m,sagan
m,tepu
m,dimpy
m,shayampuri
m,bawan
m,pachuram
m,mikel
m,naseef
m,istikar
m,akhlish
m,akhalak
m,priju
m,nathani
m,tazaudeen
m,tirath
m,ragib
m,binja
m,sabid
m,imsaan
m,mitnu
m,sahabbudin
m,gurbax
m,faizan
m,vishwjeet
m,raisingh
m,gurupreet
m,rajish
m,chiddu
m,anoj
m,swadhin
m,vijesh
m,teenu
m,jauli
m,prkesh
m,shrawan
m,jitujitendra
m,ranpal
m,sushmendra
m,pawna
m,jaynarayan
m,bhagvati
m,jisu
m,tak
m,ajad
m,salauddin
m,mohdasif
m,lekose
m,makrud
m,bapu
m,karandeep
m,penzin
m,tasleem
m,choturam
m,dhiru
m,pardeshi
m,lovely
m,hasir
m,bundel
m,soheb
m,dasharath
m,baga
m,sombir
m,shaturughyan
m,moinuddin
m,viplo
m,kadir
m,vishvnath
m,kalpna
m,chanderbal
m,amba
m,jitenderjita
m,nimesh
m,ruchit
m,vasuki
m,danveer
m,kulli
m,mahud
m,baniya
m,matok
m,monty
m,jaidul
m,fiyaz
m,bajulal
m,shazad
m,rajvi
m,benay
m,bachan
m,jhawar
m,aamosh
m,nandi
m,jasvir
m,raeeyan
m,piyus
m,anshum
m,gensingh
m,yatharth
m,lakshaya
m,kulwant
m,balaram
m,soyab
m,deendyal
m,rizwaan
m,hariram
m,hakam
m,jitin
m,shispal
m,laxminarain
m,moolchul
m,mhd
m,muskan
m,monupal
m,dharvesh
m,divaie
m,sintu
m,nooruddin
m,tauseek
m,sokin
m,khairti
m,shivji
m,gollu
m,balmiki
m,bhagvaan
m,rayish
m,jarnail
m,avid
m,sanjya
m,buddha
f,isha
f,divya
f,mansi
f,mazida
f,kajal
f,buity
f,hina
f,shakshi
f,kanika
f,neha
f,khushboo
f,aasmin
f,riya
f,priya
f,sunita
f,vandana
f,roshni
f,versa
f,kavita
f,sarojani
f,nagina
f,priyanka
f,santna
f,khushbu
f,any
f,deeya
f,monika
f,rimmi
f,aanamika
f,chahat
f,nagma
f,koshal
f,sandhya
f,sna
f,layba
f,iqra
f,salima
f,naziya
f,kamni
f,renu
f,minakchi
f,ruby
f,smtfarhana
f,kalyani
f,palak
f,babita
f,dhanwanti
f,fooljhnah
f,shehnaz
f,savita
f,payal
f,priynka
f,janki
f,sohni
f,basnti
f,doly
f,aashiya
f,vimla
f,karina
f,seema
f,kranti
f,shajiya
f,sitara
f,aakanksha
f,charu
f,nilam
f,chango
f,kaushaliya
f,grace
f,subhadra
f,lalita
f,asma
f,kalawati
f,tina
f,mercy
f,huma
f,gulbasha
f,rahila
f,shenaz
f,chandni
f,ruksana
f,heena
f,mala
f,hamida
f,kanchan
f,priyaki
f,ranu
f,leelawati
f,anju
f,rosy
f,rinukanwr
f,shalu
f,sneha
f,sahin
f,kusum
f,himanshi
f,anuradha
f,sony
f,preety
f,rubina
f,madhuri
f,shabanm
f,neelam
f,rajia
f,rubi
f,priyansi
f,nazmin
f,tripti
f,ramvati
f,afsana
f,farida
f,ranita
f,soniya
f,hemlata
f,sushma
f,ranjana
f,benjir
f,salma
f,rukshana
f,astha
f,fahija
f,reeta
f,noojo
f,chaya
f,sakila
f,rehana
f,mira
f,roshini
f,shilpa
f,sudha
f,afrin
f,sabnam
f,batloon
f,samsad
f,sama
f,maya
f,jassi
f,yashoda
f,susila
f,ramaiya
f,kamli
f,munbura
f,bulbul
f,rupa
f,kumkum
f,sweety
f,gulafsa
f,captain
f,akansha
f,kritikakittu
f,sefali
f,khshbu
f,sunaki
f,sangeet
f,neelima
f,deepti
f,rajkumari
f,rizwana
f,gulnanj
f,archana
f,dipti
f,araddhna
f,bharti
f,badrunisha
f,varsa
f,shukla
f,ekta
f,minakshi
f,nasima
f,juneb
f,parerna
f,alka
f,gungun
f,smtkiswar
f,vandhna
f,saneha
f,reema
f,yashika
f,tapsam
f,khusboo
f,ishika
f,partibha
f,narbada
f,spana
f,rita
f,reshma
f,samaiali
f,samreen
f,shana
f,gunjan
f,khusbhu
f,nayana
f,bhawana
f,jamrujaha
f,puja
f,ruchi
f,aruna
f,chama
f,gulista
f,kesnata
f,matul
f,nainshi
f,mubshshira
f,neeru
f,poornima
f,shayra
f,himani
f,sazi
f,rashida
f,radhika
f,ruzina
f,kajol
f,rukmani
f,shabana
f,neelu
f,rangeeta
f,rimpy
f,chumki
f,virjiniya
f,gulfasha
f,nirmla
f,saanu
f,apsana
f,bharkah
f,mudsay
f,rubbi
f,kusuma
f,zareena
f,karishma
f,jasoda
f,shathi
f,nimla
f,menadevi
f,sut
f,shrishti
f,jyoty
f,gudya
f,laxami
f,meghana
f,kangana
f,garima
f,nandni
f,nazrin
f,saraswati
f,bhatri
f,mobsheera
f,mudrika
f,gytri
f,suganti
f,nekki
f,kureja
f,anupama
f,gyatri
f,ridhima
f,naseeba
f,biwa
f,gayatri
f,megha
f,neni
f,parwati
f,prema
f,sajida
f,minakxi
f,ranjeeta
f,anam
f,vibha
f,resham
f,pavitra
f,bigan
f,razia
f,parul
f,sabbo
f,chhabi
f,bindiya
f,sarojini
f,phulkana
f,krishka
f,ilema
f,sahar
f,sahiba
f,bimla
f,rahina
f,manorma
f,tamsa
f,hoor
f,harneet
f,roshani
f,saveta
f,kafia
f,rubby
f,ankita
f,kinya
f,pallavi
f,sakshi
f,asgari
f,mumtaz
f,parniti
f,pappy
f,raziya
f,diksha
f,jamila
f,sabhana
f,durgash
f,namarta
f,guddi
f,phoolmani
f,shiwani
f,ramwati
f,imrana
f,kripya
f,rashika
f,bilke
f,punam
f,krishnamanisha
f,chotti
f,sivani
f,shamima
f,sunali
f,zahira
f,purnima
f,anjli
f,himansi
f,dharmshila
f,hemani
f,ranjita
f,sareen
f,mamuni
f,padma
f,jaya
f,madam
f,jeta
f,naveena
f,anu
f,sumitra
f,subhdra
f,shallu
f,ahsamin
f,kanti
f,labbhi
f,shabnam
f,muskhan
f,santoshi
f,nurbi
f,ramli
f,beauty
f,praveena
f,reetu
f,munnadevi
f,sabina
f,mayuri
f,maheshar
f,sukenta
f,sanjana
f,rozi
f,sajia
f,shaving
f,bitoo
f,genda
f,vidhya
f,gajala
f,ritika
f,amiraka
f,malvika
f,gotiya
f,shveta
f,nirvat
f,aaysha
f,shahna
f,dhapu
f,mausam
f,naraini
f,chinki
f,naryani
f,rachna
f,jagrti
f,niti
f,pinky
f,sumirta
f,anjila
f,renuka
f,rajeshwari
f,savina
f,shaifali
f,tanya
f,aayana
f,shabina
f,dipika
f,doli
f,dimple
f,sobha
f,farhana
f,santok
f,aaradhana
f,harshita
f,nabila
f,mamtalalita
f,shakuntala
f,aradhana
f,marya
f,rojmen
f,sugna
f,radikha
f,saniya
f,savitri
f,farheen
f,shanichari
f,iqrar
f,gali
f,tanvi
f,hema
f,haseena
f,mamita
f,meenakshi
f,tapsya
f,supriya
f,ashanjali
f,marjina
f,richa
f,salmakhatun
f,beera
f,nargis
f,malti
f,ramdulari
f,sheela
f,jayanti
f,nashrin
f,sagitaharsita
f,hyatun
f,ms
f,firida
f,rajwati
f,priyak
f,tuba
f,radhabai
f,ramila
f,najma
f,shusila
f,ameera
f,vinita
f,mahadevi
f,veenita
f,atta
f,dhola
f,sajiya
f,mooli
f,paryanka
f,naveela
f,sundga
f,farzana
f,gulnaj
f,shahin
f,amrita
f,kamana
f,yukilal
f,joyti
f,wo
f,sushmita
f,paka
f,prinka
f,shipra
f,aafrin
f,gyaan
f,anjara
f,sarla
f,masuma
f,jinat
f,ravina
f,chameli
f,rashi
f,yogeshwari
f,sweta
f,sweeti
f,nosi
f,safila
f,robi
f,pratibha
f,aashi
f,ladli
f,mangubai
f,sabiya
f,simmy
f,smtsushil
f,bhumika
f,asharani
f,arsi
f,kanku
f,varisha
f,bhawna
f,vandita
f,niru
f,jagviri
f,saveena
f,ramkali
f,tarannum
f,smariti
f,tahira
f,rubo
f,dulari
f,rashmi
f,sayara
f,tyara
f,sudama
f,bala
f,julekha
f,urvarshi
f,geetu
f,nandani
f,bahalen
f,bhavana
f,abida
f,guni
f,nazreen
f,sameena
f,nirmala
f,shima
f,saaniya
f,dixya
f,raminder
f,sikha
f,ragni
f,nena
f,gaytri
f,deepanshi
f,narbda
f,asmit
f,preti
f,sima
f,eshavarya
f,anarkali
f,manlisa
f,afarin
f,bhagya
f,alema
f,risabh
f,paro
f,sapana
f,ambika
f,yashmin
f,sumalia
f,reetima
f,hadisha
f,suhani
f,barti
f,onginye
f,nazahat
f,nency
f,chanderkala
f,kawal
f,lad
f,sarika
f,sanna
f,vineta
f,kishmat
f,barkha
f,gulshtab
f,suchitra
f,saira
f,nikky
f,dhakhadevi
f,ambiya
f,premwati
f,k
f,amuda
f,shakeena
f,khairu
f,sonaki
f,shila
f,pooga
f,alahbasri
f,ajmeri
f,karamjeet
f,rajshree
f,sitra
f,sano
f,similata
f,fareena
f,farina
f,beena
f,sumentra
f,nanda
f,mukti
f,poga
f,gulsana
f,bhatari
f,shahnaz
f,arati
f,roshanara
f,shiba
f,pavi
f,gulfsa
f,kherul
f,ashra
f,arzoo
f,huseni
f,smtsehran
f,rinesh
f,harmit
f,rena
f,aanchal
f,madhuni
f,nitasha
f,antim
f,rihana
f,manka
f,amasi
f,lata
f,chandani
f,tanushri
f,bakila
f,juna
f,namita
f,urwashi
f,lisha
f,satwanti
f,namra
f,aasma
f,twinkal
f,vakila
f,rajani
f,harprit
f,bhavna
f,birmadevi
f,sufia
f,krishma
f,muli
f,firdosh
f,soona
f,premlata
f,manormapal
f,kismat
f,alapna
f,sehnaj
f,alseepa
f,jafrin
f,anjana
f,mariyam
f,darkash
f,tarnnum
f,tumpa
f,mohseena
f,dayawati
f,sanjna
f,muskanruksher
f,laxita
f,piryanka
f,runiya
f,jharna
f,nirja
f,suntia
f,rimjhim
f,shruti
f,shadhana
f,reemi
f,hini
f,sangeta
f,nirosha
f,asana
f,kosar
f,rajiya
f,saviha
f,surbhi
f,aazadijully
f,maina
f,sema
f,aarifun
f,sultana
f,anushka
f,gita
f,fakiri
f,alina
f,frra
f,snah
f,nehal
f,nusrat
f,naseema
f,zina
f,shkuntala
f,shakuntla
f,sabenoortamanna
f,anusoya
f,ashman
f,sabeena
f,kawita
f,rabina
f,habiba
f,phalguni
f,marti
f,veena
f,spna
f,mehwish
f,jeba
f,jasmen
f,fareen
f,bhanweri
f,meenaxi
f,veronika
f,sumanthra
f,saalu
f,pushapa
f,noorjaha
f,farjana
f,husainpreet
f,rafat
f,gulsan
f,tannu
f,vineeta
f,pragti
f,nimmy
f,swata
f,jannat
f,shreemati
f,mishbha
f,hailena
f,bandana
f,mohsina
f,jomiya
f,mushkan
f,sahana
f,shahina
f,rini
f,javitri
f,amisha
f,panchuri
f,ruhi
f,aanya
f,sangita
f,gendi
f,sus
f,shabbenour
f,gango
f,sosri
f,shama
f,susma
f,shanawazheena
f,uzma
f,nargish
f,hansa
f,chanchl
f,neema
f,sinaa
f,jashgul
f,shweta
f,alisha
f,anisha
f,muskarn
f,saru
f,murjina
f,bina
f,honey
f,suhana
f,rubee
f,balalia
f,surekha
f,manno
f,shobina
f,nikki
f,joity
f,foranta
f,pammi
f,menu
f,sania
f,tania
f,ruckmani
f,takshila
f,sulekha
f,shilpi
f,sidhi
f,shabreen
f,lada
f,girishchandra
f,ilma
f,jaswinder
f,rema
f,anshiya
f,triveni
f,razida
f,puspa
f,jincy
f,farha
f,naushi
f,iesha
f,almina
f,cosmic
f,kishana
f,nirjala
f,saral
f,lila
f,rabin
f,kamrulnisha
f,sudhama
f,armita
f,smtranni
f,rohini
f,susri
f,saloni
f,gulshafa
f,aliya
f,sawana
f,fazia
f,afsha
f,faaija
f,amarin
f,razni
f,musra
f,sutiya
f,farhib
f,kelama
f,jasmina
f,shakuntlababy
f,shgita
f,shorav
f,lakhya
f,manbharbai
f,diya
f,palvi
f,killo
f,anoopama
f,arshi
f,bima
f,mamtha
f,pramila
f,lakhsmi
f,sonika
f,nirma
f,khushbhu
f,nancy
f,suhagini
f,reekha
f,aashma
f,dali
f,shivaniprachi
f,tabssum
f,aansi
f,dipanshi
f,padama
f,babby
f,tamanna
f,liladevi
f,devika
f,tisha
f,anamika
f,sahida
f,ashtha
f,ikara
f,chandrakala
f,gila
f,shamshina
f,priyanshu
f,shushma
f,arthi
f,rasida
f,vidha
f,basiran
f,phul
f,laltes
f,sharadhha
f,mosmi
f,arshla
f,kiriti
f,smtmamta
f,gaura
f,sahina
f,jasmeet
f,dhaneswar
f,pulita
f,fozia
f,chhaya
f,khushnasiba
f,sulochna
f,vinna
f,saima
f,neeta
f,hazra
f,jameela
f,veero
f,pryanika
f,rucksana
f,shalini
f,binita
f,kushum
f,pushpan
f,skunatla
f,noorjahan
f,najni
f,tanu
f,rukiya
f,subhagya
f,vijaya
f,shahzadi
f,mustki
f,rukshar
f,luxmi
f,dumani
f,anguri
f,mandvi
f,tripta
f,siza
f,nano
f,pyari
f,nandini
f,sarsawati
f,chando
f,shushila
f,tulsha
f,smtganga
f,hazu
f,karshana
f,fauina
f,faijina
f,pryinka
f,tarnum
f,roopa
f,lakhbir
f,seweta
f,hemanti
f,nazia
f,gori
f,philomina
f,kailaki
f,kastoori
f,farah
f,phulbi
f,harshi
f,aastha
f,lavpreet
f,jarim
f,aamina
f,mamini
f,shilly
f,meti
f,rupanjali
f,sarah
f,sana
f,gulfsal
f,hamim
f,sabba
f,kriti
f,nigar
f,lahida
f,rubeena
f,sunayna
f,kaushalya
f,rina
f,ratmo
f,keshanti
f,dholi
f,danista
f,kusumlata
f,teena
f,aesha
f,vishakha
f,fool
f,purva
f,nenshi
f,jhuma
f,sunarki
f,shrabani
f,umda
f,bandani
f,sehjal
f,sehnaz
f,nooreen
f,saridevi
f,jyotsana
f,nasrin
f,saziya
f,jaitun
f,mulina
f,gulfasa
f,shumita
f,zainab
f,vandhana
f,rabiya
f,chhoti
f,koyali
f,javuneesha
f,kismti
f,amritha
f,bindi
f,shbana
f,santo
f,paramshela
f,shabra
f,sayda
f,beeuty
f,tabassum
f,daulat
f,sarmila
f,gilbahar
f,yasmeenlali
f,narmda
f,shanaz
f,neeli
f,anshika
f,nanveet
f,farjanul
f,chandrika
f,simpi
f,sagrika
f,meeramai
f,rampayari
f,smtbeena
f,mnisha
f,sabhya
f,khashbu
f,kamar
f,geet
f,mosam
f,amreen
f,rashidrobhi
f,ujama
f,mony
f,pariksha
f,mem
f,sumita
f,kunti
f,vikshi
f,sahaja
f,snjana
f,birtha
f,premo
f,soma
f,manita
f,sheensar
f,sayada
f,muskaan
f,samvedna
f,sadhana
f,sharmila
f,kalpana
f,tehmina
f,kanchaniya
f,birmati
f,kela
f,bhaggo
f,sazya
f,batasi
f,jaimati
f,amijan
f,fatma
f,hamsiran
f,mammta
f,vimala
f,ujamma
f,ajju
f,gajwanti
f,selars
f,somwati
f,sayna
f,rawana
f,sirish
f,mainka
f,sabreen
f,mabiya
f,bhagirathi
f,rahnuma
f,manisa
f,kaifiya
f,firdous
f,santara
f,jhuhi
f,deeksha
f,gunja
f,taruna
f,minaxi
f,sahanaj
f,zarina
f,babali
f,rinky
f,yashsvi
f,nasreema
f,safali
f,badami
f,st
f,khubhu
f,sufiya
f,ramdhani
f,bohati
f,phooli
f,kalavati
f,rajudi
f,smtlaxmi
f,sanam
f,mehnaj
f,panchu
f,rajina
f,arjina
f,revti
f,seva
f,foranti
f,dipali
f,tabwsum
f,manbhar
f,palvinder
f,gulnaz
f,jamnaa
f,krishama
f,godambari
f,saista
f,bebi
f,nazma
f,jareena
f,neraj
f,husina
f,pallvi
f,aysha
f,mallika
f,mallik
f,shanta
f,nagia
f,varsh
f,vijayanta
f,tarawati
f,sagufta
f,somi
f,aaliya
f,naveeda
f,husana
f,natasha
f,sumaila
f,mili
f,anno
f,parmita
f,ravinda
f,sajana
f,paru
f,shaina
f,aparna
f,nana
f,fareem
f,kajalsundri
f,chhavi
f,rajwanti
f,minaksi
f,seeriya
f,alita
f,omwati
f,veejita
f,taslima
f,ajnoor
f,radhadalal
f,chanab
f,munjira
f,suhaliya
f,neesa
f,ravita
f,samoti
f,samiron
f,murshida
f,mairi
f,kasumbi
f,ravena
f,fuli
f,jaydurga
f,nikil
f,rimzim
f,aishwarya
f,bhudevi
f,simmi
f,tane
f,mashli
f,dilkhush
f,bhagwanti
f,januka
f,saimun
f,nazibuneesha
f,mehronisha
f,swaranjeet
f,khushabu
f,silpi
f,ranjna
f,parsann
f,aasa
f,zeba
f,nilesh
f,avastha
f,vasu
f,laxmeena
f,majrula
f,savia
f,mariam
f,sarda
f,nisat
f,simren
f,taramati
f,gitika
f,harmeet
f,akhtari
f,pharjana
f,prya
f,minu
f,mahrul
f,najmin
f,kuntesh
f,barakha
f,salu
f,gangajali
f,dipa
f,ganesi
f,jakra
f,saahin
f,nitam
f,guljan
f,dariya
f,dropti
f,sumanlta
f,leena
f,ekamjeet
f,chhotudevi
f,saiesta
f,sonyi
f,kokila
f,sagira
f,dhana
f,janid
f,najrana
f,shabbo
f,groti
f,noorin
f,pree
f,khurshida
f,pratima
f,ramba
f,fatima
f,dipeeka
f,moka
f,rashma
f,kalashi
f,partima
f,rukhsana
f,priyaka
f,rachpreet
f,harsha
f,joohi
f,shanty
f,pryanka
f,manpritkour
f,lilima
f,fiza
f,parvati
f,bharatiruchika
f,paramdeep
f,sushree
f,nusrant
f,girja
f,yasodha
f,anoura
f,bakhtvaar
f,rosina
f,shankuntla
f,sushhmita
f,bahwana
f,rajlaxmi
f,mahima
f,dvndavva
f,tabbsum
f,jaismeen
f,shushree
f,kimmineelam
f,jaimata
f,rambha
f,nishaneelam
f,madhwi
f,meethu
f,chuni
f,rikkenchi
f,aamrin
f,shazida
f,sushela
f,swaliya
f,rukhar
f,gurmel
f,manuja
f,ruji
f,rambai
f,merry
f,jasina
f,bhanupriya
f,senthia
f,malika
f,sangeena
f,moshri
f,lc
f,suneta
f,humera
f,nazneen
f,kajul
f,safia
f,gulafsha
f,sharuna
f,harbai
f,sakuntla
f,premla
f,vyelet
f,gulnaaz
f,novisha
f,vidhavati
f,nursa
f,afshana
f,punita
f,husnara
f,mana
f,amanjeet
f,rumal
f,poojaneha
f,tayab
f,ramjanki
f,karma
f,supyar
f,samya
f,suda
f,nipam
f,shulekha
f,ranki
f,asho
f,nensi
f,rehmati
f,zenab
f,tulsa
f,premawati
f,nasreen
f,roopam
f,yashodha
f,twinkle
f,shaheen
f,kehkasha
f,goldan
f,chandini
f,premjit
f,saksi
f,kushumavati
f,juli
f,nshima
f,meesh
f,kosalya
f,lakhe
f,sundri
f,soam
f,shailja
f,indrvati
f,jhoti
f,swagtika
f,gulran
f,udita
f,brinda
f,anuu
f,guddibai
f,kuswati
f,rishma
f,shaili
f,aruni
f,najiya
f,piroj
f,anjna
f,jhumki
f,fornta
f,indara
f,shabnur
f,nikhat
f,raisha
f,vicakha
f,pushpawati
f,kosylaya
f,shamina
f,kamini
f,aneeta
f,aanik
f,danwati
f,sayari
f,japneet
f,reshama
f,surti
f,manjula
f,sehran
f,shashibala
f,sazia
f,upasna
f,jayotli
f,sajni
f,nupur
f,prachi
f,veenu
f,sen
f,samiksha
f,gajana
f,ajra
f,simabharti
f,keli
f,ajnabi
f,annavi
f,moral
f,ragini
f,khushnuma
f,jya
f,bharkha
f,mam
f,gona
f,san
f,sumedha
f,ismaliye
f,sadiya
f,mehnaz
f,sila
f,mandira
f,manda
f,prinkya
f,gudia
f,salupa
f,sakiran
f,smtpooja
f,shekiba
f,mitali
f,ruchika
f,seetal
f,chhaterwati
f,tahseen
f,trannum
f,beti
f,jayada
f,tabbasum
f,jioty
f,sandna
f,ruka
f,abhilasha
f,aktri
f,savrin
f,marzina
f,samima
f,machhala
f,alima
f,manwi
f,poneem
f,yamini
f,ishrat
f,minkashi
f,shanjhan
f,shanaj
f,parbha
f,basanti
f,kmo
f,chandrawati
f,manjoo
f,kitti
f,shabanam
f,nayamati
f,joyaa
f,smts
f,parmila
f,poojadevi
f,gulesta
f,mahi
f,rajbala
f,disi
f,parmeshwari
f,safiya
f,chhanya
f,manoti
f,menka
f,bishnu
f,majidunisha
f,wilkish
f,chanderkanta
f,aleesha
f,parveena
f,safina
f,jaimala
f,sanaali
f,manbai
f,mukiman
f,kushma
f,saroja
f,musrat
f,kumarage
f,nilofar
f,monny
f,shifali
f,kelashi
f,jayda
f,mmta
f,jenab
f,chetana
f,khusbhoo
f,darshna
f,sayma
f,shahnaj
f,namen
f,sunpreet
f,baita
f,sawatri
f,manfool
f,mousam
f,taran
f,sayra
f,rukhsona
f,shiya
f,prity
f,shravani
f,pargati
f,sunarkali
f,chandabai
f,yasoda
f,samra
f,dhanni
f,amreeta
f,santro
f,kooki
f,indira
f,saweta
f,radhab
f,iram
f,milka
f,shika
f,damini
f,satwander
f,kalpeshwari
f,karuna
f,felicia
f,kamta
f,shittal
f,turveny
f,vishavkarma
f,anjalirinku
f,devkali
f,bhateri
f,jayoti
f,prati
f,oma
f,bhagwatishinnu
f,yashdhra
f,rijwana
f,kritika
f,urvashi
f,mega
f,veera
f,kulsum
f,mhega
f,aayesha
f,afrina
f,jina
f,shefalipuja
f,khumlo
f,premature
f,sanjoh
f,kashum
f,ratani
f,bantu
f,suma
f,mahjabi
f,sanoshi
f,ishawar
f,badru
f,mansavi
f,kanak
f,mahimunasvi
f,rubjaan
f,lilabai
f,chandkor
f,kupooja
f,asman
f,kusham
f,samaprveen
f,tashkkur
f,nahani
f,tranoom
f,shkundla
f,hafsa
f,kushmita
f,samrin
f,shetal
f,kamna
f,ntasha
f,ashima
f,gulsha
f,parmeswari
f,shimpi
f,shabila
f,jashinal
f,mursida
f,mamuna
f,samsida
f,neharika
f,begam
f,devyani
f,vanshika
f,rawi
f,hiri
f,premi
f,irfa
f,gendu
f,neemi
f,rahat
f,hena
f,sosan
f,mahvish
f,shahrish
f,rajkarnta
f,saifali
f,nirjla
f,smtsunita
f,riju
f,badarjahan
f,bhabhiya
f,isika
f,dibya
f,aasu
f,harvindra
f,srita
f,taniya
f,jenifer
f,salama
f,ranjnika
f,nitika
f,marium
f,nanshi
f,gulshana
f,vijaynti
f,sunena
f,chanderwati
f,laltia
f,sahrul
f,pinkey
f,utpana
f,brkha
f,rajenderi
f,veshali
f,seekha
f,lajjavati
f,jamee
f,long
f,gulfara
f,chnda
f,sneh
f,abha
f,bilkis
f,rajl
f,rajeswaryrajochanchal
f,anaro
f,sifa
f,sanita
f,kosaleya
f,azmira
f,navita
f,tasnim
f,bhuli
f,fasrun
f,nuraish
f,nirutma
f,mjudi
f,papu
f,sakuntala
f,yinita
f,shilu
f,amirul
f,kashis
f,vashanavi
f,amida
f,samman
f,asmita
f,srimati
f,fakiha
f,saheen
f,sahista
f,klu
f,aafreen
f,suchi
f,sarswati
f,bsram
f,durgabai
f,fuljhadi
f,sabanamoni
f,muni
f,mansha
f,shahida
f,rebecca
f,rahi
f,lushi
f,joshna
f,aarifa
f,raghuvinder
f,amarmula
f,suchita
f,payana
f,sukhvir
f,noorjhan
f,tavvasum
f,dolley
f,phoola
f,smtsabita
f,busra
f,guddiya
f,sayja
f,mehru
f,shaguftamunny
f,sakina
f,ugma
f,girija
f,lilavati
f,salomi
f,vironika
f,kasish
f,diti
f,asmin
f,sundari
f,seeba
f,kanya
f,nutan
f,isnesh
f,zeenat
f,tiwankle
f,sujanti
f,mariya
f,nargesh
f,midhana
f,tanjima
f,jamuna
f,sararwati
f,varda
f,manvi
f,lavi
f,sarwitavm
f,mithi
f,jasleen
f,vaishanvi
f,valentina
f,dhamini
f,musarrat
f,raniya
f,mamoita
f,jaivanti
f,kulvinder
f,khanchan
f,gulafshan
f,anayatha
f,ratni
f,devli
f,shaloo
f,prabhjot
f,nini
f,rachnu
f,rashimi
f,puspha
f,madina
f,yoshoda
f,kailashi
f,devya
f,geetanjali
f,shiena
f,nicharon
f,devideen
f,sudma
f,antima
f,jahirul
f,devendri
f,shneha
f,nida
f,jhingi
f,madhubala
f,sozi
f,sital
f,phol
f,ektamamta
f,roobi
f,fija
f,bholi
f,resmi
f,twenkle
f,swetha
f,sabanam
f,shaira
f,rachana
f,jhunnu
f,pritika
f,jibanti
f,tajrani
f,noni
f,nasira
f,aalina
f,jatinder
f,lalmuni
f,koshlya
f,depali
f,nisa
f,meetu
f,noreen
f,yasmeen
f,waheeda
f,sarmeela
f,umma
f,vadhi
f,nazrana
f,budhwanti
f,rimasha
f,pakhali
f,amita
f,lajja
f,alma
f,chhagana
f,rosanjahan
f,ariba
f,saeshta
f,dolo
f,ayushi
f,hasbul
f,bhteri
f,smtkhasti
f,jully
f,bironica
f,vipasha
f,smtsaroj
f,alish
f,baliya
f,alkesh
f,pritee
f,sanjida
f,hazara
f,khushbari
f,dilshadi
f,frjana
f,rupali
f,koyal
f,begumpur
f,rambiri
f,mehvish
f,bushara
f,ragina
f,vesali
f,samiksa
f,rozina
f,ashnu
f,fazin
f,jugani
f,manti
f,pragati
f,riti
f,vedehi
f,mangala
f,anandwati
f,twinkil
f,suriti
f,parsi
f,bashanti
f,firoza
f,pamjeet
f,kamlajeet
f,laskshita
f,shahnam
f,soonam
f,shun
f,dila
f,anuska
f,sukhdevi
f,morki
f,anjal
f,sahishta
f,tasbiha
f,jhora
f,bindvasini
f,durgawati
f,sukhpreeet
f,rojmeri
f,bato
f,sharmili
f,satyavati
f,sawati
f,kurekha
f,richaraj
f,raunaf
f,shakina
f,tajmaha
f,sabrin
f,hemleta
f,minakumari
f,sally
f,sandeepa
f,kamjeet
f,rajrani
f,foolmaya
f,shokraji
f,jayuti
f,deepmala
f,jhunna
f,gargi
f,nassin
f,albina
f,archita
f,momita
f,rimpi
f,rusan
f,ishita
f,bivla
f,pratiksha
f,prabhila
f,deepshikha
f,sayeri
f,batul
f,kachri
f,ashma
f,gawri
f,deepanti
f,guddo
f,smriti
f,ishrana
f,ruanbza
f,faraheen
f,gomati
f,najo
f,sheenu
f,kamlash
f,kushagra
f,subhiya
f,saiyada
f,shadhna
f,julee
f,shampa
f,hetal
f,saana
f,salini
f,smarti
f,darshana
f,archan
f,ajima
f,janvi
f,balbiri
f,guddiyaguddi
f,zoya
f,surjiya
f,chotibai
f,tasmina
f,kalwati
f,taranjeet
f,manglesh
f,amrta
f,shahgujta
f,shankri
f,swetna
f,murtibai
f,jarina
f,tanisha
f,swatri
f,umedi
f,koilu
f,uganta
f,junaid
f,jainub
f,tasveeran
f,avi
f,kasturi
f,bipnesh
f,incee
f,kanchn
f,rupal
f,jainaf
f,shine
f,dilshana
f,rajanti
f,sashikala
f,jaanki
f,aardhna
f,kesar
f,reshami
f,karishama
f,rozy
f,rencho
f,shahiba
f,minka
f,jubaira
f,mena
f,nikahat
f,sukanya
f,mandothi
f,prezi
f,krashana
f,mehrunisha
f,rajkali
f,sajini
f,pammy
f,norti
f,asrani
f,panmati
f,madhvi
f,rizvana
f,pampa
f,shivalika
f,neelachal
f,silpa
f,lalutha
f,sahajha
f,panchma
f,shadiya
f,tinki
f,sabita
f,shadna
f,sugandha
f,lavli
f,manjinder
f,jubeda
f,aachal
f,shavani
f,kehkasa
f,bhiki
f,chanpa
f,sawariya
f,majida
f,kadu
f,reeti
f,ishmita
f,neeti
f,daveena
f,momina
f,somil
f,nathi
f,trepti
f,gulabsha
f,aphsana
f,manbhari
f,sarojni
f,r
f,amrin
f,nanki
f,dhanpati
f,shanah
f,krashna
f,tarunnam
f,umesha
f,dropati
f,chappla
f,tabasum
f,sugandb
f,maanmati
f,katyayani
f,snehlata
f,dhanwati
f,shimla
f,gulwasha
f,seelam
f,sapita
f,bushra
f,umrawti
f,meva
f,tapsyum
f,kazal
f,sahira
f,anadi
f,noorpa
f,shahera
f,sandiya
f,mehar
f,tabbwum
f,mohni
f,sarshwati
f,amna
f,shabbi
f,maahi
f,rukhsna
f,para
f,bhundki
f,rooshi
f,shqakuntla
f,sudhata
f,chinta
f,sahenaj
f,anekha
f,sumemtra
f,shavitri
f,khushnudi
f,punni
f,sajma
f,amana
f,sarwesh
f,arpna
f,monini
f,mohani
f,farhaja
f,sunitha
f,anupuma
f,rachnawith
f,saveroon
f,ratnijasoda
f,nosar
f,rinju
f,shoiba
f,pritibha
f,najreen
f,harbas
f,afroz
f,jaishmin
f,shimran
f,dhodi
f,neela
f,vijayta
f,nafisa
f,binu
f,jeeren
f,chhano
f,chhamo
f,nemsi
f,nikitaniki
f,akthari
f,naviya
f,sharmistha
f,gulsida
f,khooshboo
f,sntosh
f,wareesha
f,grpreet
f,piyari
f,chanderkali
f,ganita
f,meenat
f,pirmika
f,djoycee
f,shimala
f,karmi
f,bhoori
f,beni
f,evan
f,vidisha
f,ashrabi
f,mahlikka
f,smtprema
f,jeevanlata
f,ruhhena
f,gulpacha
f,nelam
f,somdevi
f,irtu
f,sarbari
f,rohila
f,sanha
f,ramsati
f,gulabsa
f,sagit
f,reshmi
f,smtmeera
f,aarati
f,kaamini
f,kajar
f,shirishty
f,narmada
f,mansa
f,jesmin
f,sanjan
f,deou
f,birma
f,harana
f,sisty
f,niksiya
f,guldasta
f,beby
f,hemavanti
f,bharati
f,kallo
f,rupam
f,saviti
f,poojavarsha
f,sayana
f,firoja
f,suneeta
f,ladakunvar
f,phoolla
f,shakun
f,marshilah
f,konti
f,smtkanta
f,smtanta
f,bijali
f,ankeet
f,parvti
f,asmina
f,chnada
f,kushiv
f,sattu
f,smtaabida
f,shivangi
f,karshma
f,kushumlata
f,pitika
f,seeva
f,teja
f,budho
f,anjuman
f,kumud
f,hajrati
f,sehrunisa
f,girijarani
f,nasibu
f,adiba
f,gosia
f,kushi
f,bidami
f,shiteel
f,aashia
f,bavita
f,navjat
f,ashmi
f,sujli
f,neaha
f,aarju
f,parinka
f,arvinder
f,rajeena
f,ruvi
f,panku
f,koslya
f,buchhi
f,rinke
f,sabnur
f,jaiguna
f,shayma
f,arbana
f,ruksaar
f,sukshana
f,virwanti
f,sarabjit
f,joga
f,banu
f,minitwa
f,tipu
f,pista
f,hudi
f,kushamvir
f,farhin
f,sejan
f,rushali
f,begum
f,safika
f,karisma
f,kartika
f,bhanwari
f,rainu
f,masum
f,shyamvati
f,rosan
f,sushama
f,mandi
f,promila
f,nishtha
f,nikkhar
f,subhapal
f,munny
f,sajmeen
f,hurji
f,sirjna
f,laxminankai
f,shahista
f,rasmi
f,dhaniya
f,musmi
f,himanshee
f,smtpinky
f,nameeta
f,father
f,janaki
f,indta
f,anja
f,menakshi
f,maneesha
f,sarangthem
f,lambhu
f,saranthem
f,foola
f,inda
f,shahnaza
f,gaitri
f,subani
f,prete
f,dhrama
f,majoo
f,kamreen
f,rakeeba
f,rvina
f,manali
f,smtparwati
f,bhawari
f,ratna
f,fara
f,nurjaha
f,udi
f,aisha
f,maneeta
f,asiya
f,bhanmati
f,jaslin
f,sakinakajal
f,kalma
f,phoolwanti
f,taitra
f,shakuntalapooja
f,anara
f,ramrati
f,rakha
f,pangita
f,kanki
f,aarushi
f,hagami
f,kmprinka
f,shivkumari
f,najda
f,ramkanya
f,akbari
f,bhagay
f,faraha
f,asmat
f,dishu
f,mahzbin
f,keta
f,anjaly
f,shamrin
f,mero
f,jaiwanti
f,sazmin
f,shmejha
f,nashima
f,manira
f,smtnosar
f,smtasha
f,moona
f,sukrita
f,belo
f,veermati
f,smtchhoti
f,shalesh
f,harjit
f,mithalesh
f,shm
f,sithal
f,dalima
f,muntrin
f,beeti
f,sandha
f,rubey
f,harleen
f,alokmona
f,nazani
f,sabna
f,laja
f,shakutal
f,babbi
f,parvashi
f,mmt
f,maalti
f,bahnu
f,surgayani
f,misbah
f,rakhee
f,halima
f,papiya
f,mina
f,mantasha
f,amri
f,rajkumaribabli
f,shukramani
f,anaji
f,devanti
f,deepka
f,nazmaa
f,raksha
f,shakuna
f,sukheeya
f,kirann
f,pariti
f,sucheta
f,saka
f,mamanbai
f,supna
f,gambhir
f,suraiya
f,aatikun
f,chndrakla
f,zhini
f,chandracala
f,konika
f,shela
f,noomi
f,tiwnkal
f,viren
f,mini
f,binda
f,fra
f,banita
f,kushbu
f,samundri
f,pallawi
f,neesha
f,shefali
f,smtvasida
f,amena
f,reka
f,peenu
f,subhangi
f,shayana
f,vashila
f,sawtri
f,ajara
f,preyank
f,akshita
f,gaytree
f,kbeta
f,meghasandhya
f,jahani
f,suhsmita
f,sanno
f,hazira
f,afsari
f,salmi
f,shayna
f,manchan
f,shelly
f,roma
f,sandya
f,rajbiri
f,ajkati
f,feflibai
f,raishma
f,avantika
f,jhanjhariya
f,aswani
f,murti
f,shanno
f,sohi
f,najarana
f,khima
f,tabsum
f,kiniya
f,jhansi
f,mamt
f,kamakshya
f,pareeti
f,pushpanjali
f,shakeela
f,rajkaranta
f,asanti
f,rahimun
f,kulina
f,sharinimle
f,nibo
f,ajmal
f,nahida
f,kuso
f,sheelu
f,subhi
f,satyvati
f,keshu
f,sajda
f,bidhya
f,sabila
f,annielal
f,mis
f,nibha
f,manjusha
f,saida
f,mahmun
f,nazira
f,upasana
f,amrooti
f,najira
f,maryana
f,rabhida
f,anzum
f,darfasha
f,putulu
f,manimegla
f,daljit
f,ramdevi
f,prinkaya
f,hasmita
f,atiq
f,sehnaaz
f,bagga
f,hemuna
f,smtkalawati
f,serul
f,akhatari
f,khasbhoo
f,peena
f,diwansi
f,bhanumati
f,jewa
f,farhanaz
f,lilaki
f,gattu
f,sarjaha
f,puneeta
f,iema
f,eshwari
f,avneet
f,chitro
f,navleen
f,sawanapinki
f,silvia
f,sauni
f,anuja
f,tohmeena
f,amie
f,rakki
f,ranipal
f,nishar
f,gulnaza
f,sahawaj
f,panchoo
f,shaila
f,sera
f,sharjprit
f,nirwat
f,fauji
f,joya
f,kumara
f,golden
f,sakeena
f,mairy
f,parvin
f,tulki
f,momena
f,javade
f,prableen
f,bagdai
f,sonal
f,bismilla
f,bhakuni
f,farhanaaz
f,pramil
f,munmun
f,jotyi
f,vasiya
f,aishe
f,prameela
f,pujarakhi
f,srishty
f,siddhi
f,kmsoniya
f,englas
f,ifteshyam
f,amrat
f,yamuna
f,ompati
f,janam
f,smtmanju
f,unnati
f,satosh
f,hasibullah
f,meenakashi
f,ruksin
f,bb
f,sabeeha
f,ruppa
f,sira
f,mallo
f,kiranti
f,naima
f,satwinder
f,halki
f,kachan
f,preena
f,ramjas
f,supiriya
f,sngeeta
f,kumare
f,rabita
f,karima
f,ayasha
f,pool
f,pear
f,shma
f,smtnitu
f,saku
f,husno
f,switi
f,shahjadi
f,arifa
f,rukya
f,mehfooj
f,jebi
f,choti
f,sanjeeta
f,limca
f,nayaka
f,kushmi
f,sanjogta
f,geetika
f,sahnara
f,prasanta
f,ajmit
f,nazima
f,mankuri
f,rennu
f,samiya
f,soba
f,savreen
f,areen
f,hemlat
f,sunhara
f,neetanarayani
f,pholwati
f,rekhwan
f,maigo
f,satvida
f,nachita
f,umme
f,nathiya
f,awshin
f,channu
f,harry
f,sabrina
f,mema
f,sahgufta
f,fahira
f,rubbina
f,farmeena
f,dur
f,tabbusum
f,jenny
f,maaya
f,tinvkal
f,taki
f,bhawar
f,sosari
f,pataso
f,ekata
f,hajari
f,susmita
f,santra
f,smhsugana
f,farana
f,joyate
f,lashma
f,marjana
f,sabra
f,shymo
f,maadhuri
f,sukmani
f,fulo
f,smtlokesh
f,pawni
f,munnia
f,lta
f,najara
f,dilish
f,kesavi
f,ashmin
f,sipra
f,alis
f,shilap
f,smtnisha
f,husiya
f,nafeesa
f,sibanaz
f,monam
f,meela
f,premwatiradha
f,hongsi
f,khush
f,bali
f,roopali
f,revakshi
f,nikhad
f,sahima
f,minaxni
f,foolwati
f,alhamdi
f,sagiran
f,gajla
f,shvani
f,rubiya
f,lavali
f,jugan
f,subhagi
f,munia
f,vidyawati
f,abhaki
f,injum
f,kaarti
f,vaijanti
f,narayani
f,nayna
